index,brewery_id,brewery_name,review_time,review_overall,review_aroma,review_appearance,review_profilename,beer_style,review_palate,review_taste,beer_name,beer_abv,beer_beerid,combined_features
1,936,No-Li Brewhouse,2/28/2010 13:53,4,2.5,2.5,Bfarr,Winter Warmer,3.5,4,Winter Ale,7.5,27982,Winter Warmer No-Li Brewhouse Bfarr
2,16447,Mulholland Brewing Company,3/14/2008 21:03,4,4,4,Dogbrick,American Amber / Red Ale,4,4,Runkle Red,7.2,39915,American Amber / Red Ale Mulholland Brewing Company Dogbrick
3,1551,Gordon Biersch Brewery Restaurant,12/12/2010 0:11,4,4,4,barleywinefiend,Doppelbock,4.5,4,Gordon Biersch Doppelbock,8,64322,Doppelbock Gordon Biersch Brewery Restaurant barleywinefiend
4,711,Alley Kat Brewing Company,8/2/2011 4:37,4,4.5,4.5,Hornet2003,American Double / Imperial IPA,4,4,Sherbrooke Bad Hare Day,7.8,41795,American Double / Imperial IPA Alley Kat Brewing Company Hornet2003
5,682,Pearl Street Brewery,10/5/2010 14:41,5,3.5,4,spokes2002,American Pale Lager,4.5,4,Lucky Logger,5.5,45020,American Pale Lager Pearl Street Brewery spokes2002
6,617,Niagara Brewing Company,7/27/2010 21:55,4,4,4.5,Derek,Eisbock,4,4,Niagara Eisbock 2006,8,34249,Eisbock Niagara Brewing Company Derek
7,23701,Ben Middlemiss Brewing,12/3/2011 13:03,2,2,3,wisrarebeer,Dubbel,1.5,2,Benediction Ale,8.7,61995,Dubbel Ben Middlemiss Brewing wisrarebeer
8,3065,Jämtlands Bryggeri AB,10/8/2005 15:00,4,3.5,3,bark,Fruit / Vegetable Beer,4,4,Appel Weissen,5,26259,Fruit / Vegetable Beer Jämtlands Bryggeri AB bark
9,10001,Hockley Valley Brewing Co.,6/29/2011 21:54,2,2,2,cyrenaica,American Adjunct Lager,2,2,Georgian Bay Dipper,5,43246,American Adjunct Lager Hockley Valley Brewing Co. cyrenaica
10,9797,North Country Brewing,12/11/2011 23:57,3.5,2.5,3,GreenJetta912,American Stout,3.5,4,Smoked Chocolate Rye,6.1,76245,American Stout North Country Brewing GreenJetta912
11,73,Great Lakes Brewing Company,7/16/2009 5:23,4,3.5,4.5,donteatpoop,Weizenbock,4,4.5,Great Lakes Glockenspiel Weizenbock,8,19796,Weizenbock Great Lakes Brewing Company donteatpoop
12,323,Harviestoun Brewery Ltd.,11/7/2010 20:26,2.5,2,3.5,AgentMunky,Märzen / Oktoberfest,3,2.5,Hoptober Fest,4,63258,Märzen / Oktoberfest Harviestoun Brewery Ltd. AgentMunky
13,849,Rogan Brewery,7/5/2006 17:47,2.5,2,2.5,ernie,Euro Strong Lager,2.5,2.5,Veseliy Monakh Mitzne,7.1,31534,Euro Strong Lager Rogan Brewery ernie
14,3042,BJs Restaurant & Brewhouse,7/27/2003 16:03,2,2.5,2.5,freed,Euro Strong Lager,2.5,2.5,Hopfenkopf,8,11780,Euro Strong Lager BJs Restaurant & Brewhouse freed
15,252,Bayerische Staatsbrauerei Weihenstephan,11/3/2007 10:49,4,4,3.5,bigalk,Dunkelweizen,4,4.5,Weihenstephaner Hefeweissbier Dunkel,5.3,808,Dunkelweizen Bayerische Staatsbrauerei Weihenstephan bigalk
16,22511,Hill Farmstead Brewery,1/9/2012 0:46,4,4.5,4,BigPlay1824,American Pale Ale (APA),3.5,4,Edward Pale Ale,5.2,57886,American Pale Ale (APA) Hill Farmstead Brewery BigPlay1824
17,747,General Lafayette Inn & Brewery,10/29/2004 17:20,4,3,3,donnebaby,Märzen / Oktoberfest,4,4,Turin Me Loose,5.9,20537,Märzen / Oktoberfest General Lafayette Inn & Brewery donnebaby
18,2905,Boston Baked Beans Co.,5/25/2003 6:50,4,4,4,Bierman9,Cream Ale,4,4,GPA 8.0 High Gravity Cream Ale,8,9997,Cream Ale Boston Baked Beans Co. Bierman9
19,1114,Bullfrog Brewery,12/23/2010 8:26,5,4.5,4.5,Deuane,American Stout,4.5,5,Barrel Aged Double Coffee Stout,7.5,64666,American Stout Bullfrog Brewery Deuane
20,12172,Dugges Ale- & Porterbryggeri AB,11/24/2006 23:10,3.5,3,3.5,lakevalley,Extra Special / Strong Bitter (ESB),3,3.5,Oktoberfezzzt 2006,5.7,33934,Extra Special / Strong Bitter (ESB) Dugges Ale- & Porterbryggeri AB lakevalley
21,365,Pike Pub & Brewery,8/8/2010 21:00,3,3.5,4.5,chickenflea,American Strong Ale,3,3.5,Pike Tandem Double Ale,7.5,33227,American Strong Ale Pike Pub & Brewery chickenflea
22,7008,Pump House Brewery,11/18/2003 3:33,4.5,4,4,PiratePete,American Barleywine,3.5,4.5,Barley Wine 2002,9,14272,American Barleywine Pump House Brewery PiratePete
23,734,Pivovar Herold B&#345;eznice A.s.,4/14/2011 10:35,1.5,2.5,3.5,flyingpig,Czech Pilsener,2.5,2,Herold Traditional Premium Bohemian Lager,5,20880,Czech Pilsener Pivovar Herold B&#345;eznice A.s. flyingpig
24,5138,Brauerei Gebrüder Röhrl,10/6/2006 11:34,4.5,4.5,4.5,goindownsouth,Hefeweizen,4.5,4.5,Straubinger Weisse,5.3,12428,Hefeweizen Brauerei Gebrüder Röhrl goindownsouth
25,195,Brouwerij De Musketiers,3/8/2008 3:29,4.5,4.5,4.5,Hojaminbag,Foreign / Export Stout,4,4.5,Troubadour Obscura,8.5,12804,Foreign / Export Stout Brouwerij De Musketiers Hojaminbag
26,8950,Brasserie Bièropholie,11/4/2005 14:52,3,3.5,2.5,Phyl21ca,Belgian Strong Pale Ale,2,3,4ieme De 1000 Délice Des Moines,7.5,26749,Belgian Strong Pale Ale Brasserie Bièropholie Phyl21ca
27,20,Wachusett Brewing Company,5/25/2011 1:41,4,4,4,HuskyinPDX,American Double / Imperial IPA,4.5,3.5,Wachusett Larry,7.5,51428,American Double / Imperial IPA Wachusett Brewing Company HuskyinPDX
28,178,J.W. Lees & Co (Brewers) Ltd,1/22/2011 23:02,3.5,3.5,4.5,jazzyjeff13,English Bitter,3.5,3.5,Coronation Street,4.2,58872,English Bitter J.W. Lees & Co (Brewers) Ltd jazzyjeff13
29,16082,Steam Exchange Brewery,10/17/2010 7:46,3.5,3,4,dgilks,English Stout,3.5,3.5,Steam Exchange Stout,5.2,44778,English Stout Steam Exchange Brewery dgilks
30,319,Brau Union Österreich AG,3/14/2011 6:01,4,3.5,3.5,claytong,Fruit / Vegetable Beer,4,3,Gosser Radler,2.6,67185,Fruit / Vegetable Beer Brau Union Österreich AG claytong
31,853,Black Oak Brewing Co.,1/14/2008 15:51,4.5,4.5,3,bobsy,American Porter,4.5,4,Black Oak Nutcracker Cinnabomb,5,40566,American Porter Black Oak Brewing Co. bobsy
32,5171,Durham Brewery Ltd,4/29/2007 22:17,3.5,4,3.5,lakevalley,Extra Special / Strong Bitter (ESB),3.5,4,Evensong,5,11396,Extra Special / Strong Bitter (ESB) Durham Brewery Ltd lakevalley
33,9374,UAB Švyturys,9/11/2007 3:29,2.5,4,3.5,patelc75,Dortmunder / Export Lager,3,3.5,1784,5.4,23715,Dortmunder / Export Lager UAB Švyturys patelc75
34,2743,Green Flash Brewing Co.,7/29/2011 19:58,4,4,4,ehammond1,Extra Special / Strong Bitter (ESB),4,4,Green Flash American ESB,5.6,60550,Extra Special / Strong Bitter (ESB) Green Flash Brewing Co. ehammond1
35,385,Midnight Sun Brewing Co.,11/9/2008 2:43,3.5,3.5,3,hopdog,Saison / Farmhouse Ale,3,3,Saison Of The Sun,7,30309,Saison / Farmhouse Ale Midnight Sun Brewing Co. hopdog
36,1169,Fitgers Brewhouse,7/16/2011 16:18,4.5,4,4,ForWhatAlesYou,American Pale Ale (APA),4,4,Hawksridge Pale,5.7,71094,American Pale Ale (APA) Fitgers Brewhouse ForWhatAlesYou
37,10903,Oppigårds Bryggeri AB,12/10/2011 21:16,3.5,3.5,4,rarbring,American Pale Ale (APA),3.5,3.5,Oppigårds Novemberbitter,5.5,76174,American Pale Ale (APA) Oppigårds Bryggeri AB rarbring
38,62,D.L. Geary Brewing Company,3/8/2005 0:36,3,3,3.5,ybnorml,English India Pale Ale (IPA),3,3,Gearys Winter Ale,6,14050,English India Pale Ale (IPA) D.L. Geary Brewing Company ybnorml
39,1303,Jennings Brothers PLC,5/19/2011 14:56,2.5,3.5,4,BlackHaddock,English Bitter,2.5,2.5,Kiss Me Kate,4,69242,English Bitter Jennings Brothers PLC BlackHaddock
40,423,Boulevard Brewing Co.,8/31/2002 8:15,4,4,4,beernut7,Dubbel,4,3.5,Test Batch Dubbel,7.5,5763,Dubbel Boulevard Brewing Co. beernut7
41,689,Two Brothers Brewing Company,6/24/2003 8:44,4,4,3.5,ADR,American Blonde Ale,3.5,4,Prairie Path Ale,5.1,1966,American Blonde Ale Two Brothers Brewing Company ADR
42,1015,Red Car Brewery and Restaurant,12/11/2005 21:41,3.5,3.5,3.5,TheLongBeachBum,American Barleywine,4,4,Nite Train Barleywine,9,27296,American Barleywine Red Car Brewery and Restaurant TheLongBeachBum
43,554,Bierbrouwerij Sint-Servattumus,6/30/2005 17:18,4,3.5,4,paterlodie,Belgian Dark Ale,4,4,Mauw Pap,7.5,24432,Belgian Dark Ale Bierbrouwerij Sint-Servattumus paterlodie
44,648,Köstritzer Schwarzbierbrauerei GmbH & Co.,7/9/2003 16:13,3.5,3.5,3.5,bierman2000,Märzen / Oktoberfest,3,3,Köstritzer Oktoberfest,5.6,5780,Märzen / Oktoberfest Köstritzer Schwarzbierbrauerei GmbH & Co. bierman2000
45,130,Boulder Beer / Wilderness Pub,6/28/2008 6:51,3,2,3,charliedango,American Porter,3,3.5,Planet Porter,5.51,9962,American Porter Boulder Beer / Wilderness Pub charliedango
46,335,New Holland Brewing Company,9/19/2011 2:20,4,4,4.5,Monkeyknife,Saison / Farmhouse Ale,4,4,Farmhouse Hatter,6.5,43266,Saison / Farmhouse Ale New Holland Brewing Company Monkeyknife
47,388,Brasserie Cantillon,1/3/2012 14:53,3,3.5,3.5,cpetrone84,Gueuze,3.5,3,Cantillon Goldackerl Gueuze,10.1,56045,Gueuze Brasserie Cantillon cpetrone84
48,24798,Small Town Brewery,10/25/2011 2:04,4,4,4,TMoney2591,American Strong Ale,4,4,Pirate Ale,9,74495,American Strong Ale Small Town Brewery TMoney2591
49,1177,Minneapolis Town Hall Brewery,11/14/2010 5:47,4.5,4.5,4,Thorpe429,American Porter,4.5,4,Abominable,4.9,59306,American Porter Minneapolis Town Hall Brewery Thorpe429
50,14034,Corner Brewery & Beer Garden,7/22/2007 5:24,3.5,3.5,3.5,Kurland,Hefeweizen,3.5,3.5,Bavarian Bliss,5.75,31808,Hefeweizen Corner Brewery & Beer Garden Kurland
51,13564,Sonoran Brewing Company,12/30/2011 22:59,2,1,3.5,unclejazz,American Amber / Red Ale,1.5,2,Desert Amber,5.2,29571,American Amber / Red Ale Sonoran Brewing Company unclejazz
52,319,Brau Union Österreich AG,8/30/2011 14:33,3.5,3,3.5,Berecki,Munich Dunkel Lager,3.5,3.5,Gösser Dark,4.5,1686,Munich Dunkel Lager Brau Union Österreich AG Berecki
53,2557,Sail and Anchor Pub Brewery,1/2/2012 7:41,1.5,1,2,ADZA,American Adjunct Lager,1,1.5,Sail & Anchor Draught,4.6,76984,American Adjunct Lager Sail and Anchor Pub Brewery ADZA
54,7234,Potters Hotel & Brewery (Hunter Beer Co),10/17/2010 1:13,4,3,4,tobeerornottobe,American Double / Imperial IPA,4,4,Hunter Cranky Pants IPA,7.5,50974,American Double / Imperial IPA Potters Hotel & Brewery (Hunter Beer Co) tobeerornottobe
55,1199,Founders Brewing Company,7/1/2011 2:53,4,3.5,4.5,TCgoalie,American Black Ale,4,4,Founders Bourbon Del Noche,7.5,68432,American Black Ale Founders Brewing Company TCgoalie
56,4,Allagash Brewing Company,4/3/2010 23:51,4,4,4,glid02,Witbier,4,3.5,Allagash Fluxus 2008,8.7,44093,Witbier Allagash Brewing Company glid02
57,435,Minhas Craft Brewery,12/16/2011 13:38,3,2,4,notchucknorris,American Double / Imperial IPA,3,3.5,Rhinelander Underworld Double IPA,8.5,76384,American Double / Imperial IPA Minhas Craft Brewery notchucknorris
58,15783,Jergensen`s Brewery,6/17/2007 3:18,3.5,3,3.5,jwc215,American Amber / Red Lager,3.5,3,Jurgys Lager,5.5,37284,American Amber / Red Lager Jergensen`s Brewery jwc215
59,1682,Brasserie La Choulette,6/28/2004 20:08,3,2,3.5,Phyl21ca,Saison / Farmhouse Ale,3,3,LAtrebate Brune,7,18376,Saison / Farmhouse Ale Brasserie La Choulette Phyl21ca
60,203,Greene King / Morland Brewery,1/8/2007 21:51,2.5,3,2.5,davegore,Winter Warmer,2,2.5,Fireside,4.5,26521,Winter Warmer Greene King / Morland Brewery davegore
61,21516,Kirkland Signature / Costco Wholesale Corporation,12/10/2011 20:37,3,3,3,kbutler1,American IPA,3,3,Kirkland Signature India Pale Ale,6.5,66619,American IPA Kirkland Signature / Costco Wholesale Corporation kbutler1
62,1549,Goose Island Beer Co.,8/7/2011 22:12,4.5,4,4,DCon,Belgian IPA,4,5,Minx,8,61492,Belgian IPA Goose Island Beer Co. DCon
63,283,Brouwerij Liefmans,7/26/2011 19:24,3.5,4,3.5,david18,Fruit / Vegetable Beer,4,3.5,De Boomgaard Kriek,4.1,29117,Fruit / Vegetable Beer Brouwerij Liefmans david18
64,10096,Cervejaria Sudbrack Ltda,7/18/2011 0:31,3.5,4,3.5,fmccormi,German Pilsener,3,3.5,Eisenbahn Pilsen Orgânica,4.8,19966,German Pilsener Cervejaria Sudbrack Ltda fmccormi
65,5910,Jamesport Brewing Company Inc.,7/10/2006 4:13,4,4,3.5,plaztikjezuz,Extra Special / Strong Bitter (ESB),3.5,4,Jamesport Extra Special Bitter,4.8,19241,Extra Special / Strong Bitter (ESB) Jamesport Brewing Company Inc. plaztikjezuz
66,10097,Harpoon Brewery,1/3/2007 14:36,4,4.5,4,scarletfire79,Old Ale,3.5,4,English Olde Ale,7.2,34578,Old Ale Harpoon Brewery scarletfire79
67,152,Young & Co Brewery PLC,6/19/2005 19:45,3,4,3.5,wl0307,English Pale Ale,3,3,Lords,4,10557,English Pale Ale Young & Co Brewery PLC wl0307
68,19866,Upright Brewing Company,12/20/2011 14:46,3,4,3.5,emerge077,Old Ale,2.5,3.5,Billy The Mountain,9.1,54959,Old Ale Upright Brewing Company emerge077
69,2743,Green Flash Brewing Co.,2/17/2010 6:17,4,4,4.5,nickd717,American Barleywine,4,4,Green Flash Brandy Barrel Aged Barleywine (2008),10.9,45404,American Barleywine Green Flash Brewing Co. nickd717
70,323,Harviestoun Brewery Ltd.,9/19/2010 17:56,4,3.5,3,ne0m00re,Old Ale,3,4,Ola Dubh Special Reserve 18,8,47581,Old Ale Harviestoun Brewery Ltd. ne0m00re
71,5709,Arcobräu Gräfliches Brauhaus,7/26/2010 7:58,3.5,3,3.5,rarbring,Hefeweizen,3.5,3.5,Arcobräu Bavarian Wheat Beer,5.3,18625,Hefeweizen Arcobräu Gräfliches Brauhaus rarbring
72,23205,Grassroots Brewing,12/14/2011 2:54,4,4,4.5,MasterSki,American Double / Imperial Stout,4.5,4,Viola Sofia (Barrel Aged),10.8,75675,American Double / Imperial Stout Grassroots Brewing MasterSki
73,267,Odell Brewing Company,7/7/2011 8:30,3.5,3.5,4,emmasdad,American Pale Ale (APA),4,3.5,Proof,5.8,70807,American Pale Ale (APA) Odell Brewing Company emmasdad
74,514,Jopen Bier BV Haarlem,1/7/2012 14:32,3.5,3.5,4,Brabander,Russian Imperial Stout,3.5,3.5,Meesterstuk 2012,10,76677,Russian Imperial Stout Jopen Bier BV Haarlem Brabander
75,124,Paulaner Brauerei GmbH & Co. KG,1/9/2011 19:07,4.5,3.5,4,socon67,Hefeweizen,4,4,Paulaner Hefe-Weissbier Leichte,3.2,3765,Hefeweizen Paulaner Brauerei GmbH & Co. KG socon67
76,627,Monteiths Brewing Co.,3/3/2006 0:34,1,1.5,3,alexgash,Euro Pale Lager,1.5,1,Monteiths Summer Ale,5,9274,Euro Pale Lager Monteiths Brewing Co. alexgash
77,24300,Evil Twin Brewing,12/19/2011 0:52,4,3.5,4,Rifugium,American Pale Ale (APA),4,3.5,Evil Twin Williamsburg Hipster Ale,5.5,76027,American Pale Ale (APA) Evil Twin Brewing Rifugium
78,1154,Willoughby Brewing,10/27/2011 2:19,5,4,4.5,GreenGoblinCC,American IPA,4.5,5,Hop Jam,6.6,66801,American IPA Willoughby Brewing GreenGoblinCC
79,11023,Better Bitters Brewing Co.,11/19/2011 2:36,2.5,2.5,2,TheHammer,American Blonde Ale,2.5,2,Nickel Brook Gluten Free,5.8,66071,American Blonde Ale Better Bitters Brewing Co. TheHammer
80,141,Smuttynose Brewing Company,10/23/2003 7:15,3.5,3,3,UnionMade,Kölsch,3,3,Smuttynose Kolsch (Big Beer Series),4.2,13727,Kölsch Smuttynose Brewing Company UnionMade
81,820,Augustiner-Bräu Wagner KG,12/22/2011 20:58,4.5,4,4,Paincane,Munich Helles Lager,4.5,4.5,Augustiner Bräu Lagerbier Hell,5.2,2560,Munich Helles Lager Augustiner-Bräu Wagner KG Paincane
82,7201,Mount Everest Brewery,7/8/2011 22:58,3.5,3.5,4,Daniellobo,Euro Pale Lager,3.5,3.5,Everest,5.75,20924,Euro Pale Lager Mount Everest Brewery Daniellobo
83,10525,Bryggeriet S.C. Fuglsang,6/24/2006 10:10,3.5,2.5,3.5,garymuchow,Bock,3.5,2.5,Fuglsang Bock øl,7.6,22974,Bock Bryggeriet S.C. Fuglsang garymuchow
84,14018,Dux de Lux,5/26/2010 3:55,3,1.5,3,irishevans,American Double / Imperial Stout,2.5,1.5,SouWester,6.5,58672,American Double / Imperial Stout Dux de Lux irishevans
85,743,Lancaster Brewing Company,6/9/2010 4:21,3.5,4,4,ToddT,American Dark Wheat Ale,3.5,4,Chocolate Strawberry Wheat,5,54245,American Dark Wheat Ale Lancaster Brewing Company ToddT
86,7015,Babes Bar-B-Que And Brewery,8/4/2005 8:43,3.5,3,3.5,Dmann,American Stout,3.5,3,Fat Fist,6,16391,American Stout Babes Bar-B-Que And Brewery Dmann
87,20417,White Birch Brewing,12/25/2011 0:21,3,3.5,3.5,jlindros,Belgian Strong Dark Ale,3,3.5,White Birch Apprentice Series Deviant Monk Oak Aged Ale,10,71988,Belgian Strong Dark Ale White Birch Brewing jlindros
88,363,Big Time Brewery & Alehouse,8/4/2011 20:21,4.5,4,4,distantmantra,American IPA,4,4.5,Pineapple IPA,6.4,71702,American IPA Big Time Brewery & Alehouse distantmantra
89,99,Matt Brewing Company,12/23/2011 1:56,4.5,5,4.5,CaptJackHarkness,Munich Dunkel Lager,5,4.5,Saranac Lake Effect Lager,5.95,63019,Munich Dunkel Lager Matt Brewing Company CaptJackHarkness
90,10097,Harpoon Brewery,6/25/2011 5:39,4.5,4,4.5,abgba121,American Pale Wheat Ale,4.5,4.5,Harpoon Catamount Maple Wheat (100 Barrel Series #35),6.8,66070,American Pale Wheat Ale Harpoon Brewery abgba121
91,1135,"Franklins Restaurant, Brewery & General Store",3/31/2011 2:09,3.5,4,4,dyan,American Double / Imperial IPA,4,3.5,Hop Madness,8,57755,"American Double / Imperial IPA Franklins Restaurant, Brewery & General Store dyan"
92,16082,Steam Exchange Brewery,4/5/2010 2:03,3,3,3,CrazyDavros,California Common / Steam Beer,3,2.5,Steam Exchange Steam Ale,4.8,44775,California Common / Steam Beer Steam Exchange Brewery CrazyDavros
93,25978,Bhutan Brewery PVT Ltd,7/7/2011 12:51,1.5,1.5,1.5,JanM,American Adjunct Lager,1.5,1.5,Druk Lager Premium Beer,5,70814,American Adjunct Lager Bhutan Brewery PVT Ltd JanM
94,16846,Block 15 Brewery & Restaurant,8/9/2011 21:55,4,4,4,chumba526,Kölsch,4,4,Summer Knights,5,71185,Kölsch Block 15 Brewery & Restaurant chumba526
95,10667,Cornerstone Brewing Company,7/10/2011 5:57,4,3.5,3.5,northyorksammy,Vienna Lager,4,3.5,Sandstone Lager,4.5,21350,Vienna Lager Cornerstone Brewing Company northyorksammy
96,147,Stone Brewing Co.,5/18/2011 10:49,3.5,4,4,Thorpe429,American Black Ale,4,3.5,Supremely Self Conscious Ale,3.5,69181,American Black Ale Stone Brewing Co. Thorpe429
97,6,Brouwerij Slaghmuylder,5/27/2009 20:13,3.5,3.5,3.5,Absumaster,Belgian Strong Dark Ale,3,3.5,Drongens Plezierke,7.5,50129,Belgian Strong Dark Ale Brouwerij Slaghmuylder Absumaster
98,2085,Dragonmead Microbrewery,12/23/2010 23:17,3,3,3.5,LilBeerDoctor,English India Pale Ale (IPA),3,3,Dragonmead Inquisition Pale Ale,5.1,6645,English India Pale Ale (IPA) Dragonmead Microbrewery LilBeerDoctor
99,357,New England Brewing Co.,5/30/2010 0:33,4.5,4,4,smcolw,American Double / Imperial IPA,4.5,4.5,Gandhi-Bot Double IPA,8.8,57259,American Double / Imperial IPA New England Brewing Co. smcolw
100,4458,Rathaus Brauerei,1/10/2011 20:52,4,3.5,4,SuperSpy,Euro Pale Lager,3.5,4,Rathaus Bier,4.5,9691,Euro Pale Lager Rathaus Brauerei SuperSpy
101,1395,Old Schoolhouse Brewery,3/22/2010 3:07,3.5,3,3.5,froghop,American Brown Ale,3,3.5,Uncle Bigs Brown Ale,6,56975,American Brown Ale Old Schoolhouse Brewery froghop
102,428,Mahrs-Bräu,1/30/2006 1:25,4,4,3.5,beveragecaptain,Keller Bier / Zwickel Bier,4.5,4.5,Mahrs Ungespundet-hefetrüb,5.2,2412,Keller Bier / Zwickel Bier Mahrs-Bräu beveragecaptain
103,140,Sierra Nevada Brewing Co.,10/4/2011 4:50,4,4,4,ngeunit1,Extra Special / Strong Bitter (ESB),4,4.5,Cask Aid,5.5,72533,Extra Special / Strong Bitter (ESB) Sierra Nevada Brewing Co. ngeunit1
104,5074,Steamworks Brewing Co.,12/6/2009 20:47,3.5,3.5,3.5,Haybeerman,American Amber / Red Ale,3,3.5,Lizard Head Red,5.5,10728,American Amber / Red Ale Steamworks Brewing Co. Haybeerman
105,4887,Elland Brewery,5/19/2005 7:02,4.5,4,4,TheLongBeachBum,English Bitter,4,4.5,Elland Back,4.6,17533,English Bitter Elland Brewery TheLongBeachBum
106,569,Anadolu Efes Brewery,11/6/2011 20:56,2.5,2.5,4,woodychandler,American Malt Liquor,2.5,2,Marmara Kirrmizi Bira,6.1,48241,American Malt Liquor Anadolu Efes Brewery woodychandler
107,24757,Benny Brewing Company,12/14/2011 15:09,4,4.5,4,muletrane,American IPA,3.5,4,Benny Brew Hopenstein,6.5,65833,American IPA Benny Brewing Company muletrane
108,4476,Bräu Am Berg Starzinger KG / Brauerei Aspach,4/21/2010 9:24,3.5,3,3,sunrisesolara,Euro Pale Lager,3,3,Frankenmarkter Jausenbier,4.2,57721,Euro Pale Lager Bräu Am Berg Starzinger KG / Brauerei Aspach sunrisesolara
109,26464,Pang Pang Brewery,11/5/2011 18:45,4,5,4,TobiasGoth,American Pale Ale (APA),3.5,3.5,Puttin In Hours,5.5,71245,American Pale Ale (APA) Pang Pang Brewery TobiasGoth
110,26,Three Floyds Brewing Co. & Brewpub,1/24/2011 5:33,4.5,4.5,3.5,MrHirschybar,Scottish Ale,4,4.5,Chocolate City,9,62895,Scottish Ale Three Floyds Brewing Co. & Brewpub MrHirschybar
111,10215,De Porto Ind. E Com. De Bebidas Ltda.,10/14/2010 12:33,3.5,3,4,GBalbin,American Amber / Red Ale,4,4,Schmitt Ale,4.5,19986,American Amber / Red Ale De Porto Ind. E Com. De Bebidas Ltda. GBalbin
112,3469,Ezo Beer KK,7/13/2011 1:40,3.5,3.5,4.5,dgilks,American Stout,3.5,3.5,Brown Bear (Rogues Shakespeare Stout),5.7,18771,American Stout Ezo Beer KK dgilks
113,7400,The Wellhead Restaurant & Brewpub,4/28/2007 7:07,4,4,4,PiecesOfFlare,American Pale Wheat Ale,4,4,Razpberry Honey Wheat,7.9,36544,American Pale Wheat Ale The Wellhead Restaurant & Brewpub PiecesOfFlare
114,5830,Brauerei Hacklberg,5/5/2010 13:55,4.5,3.5,3.5,mactrail,Munich Dunkel Lager,5,4.5,Hacklberg Dunkel,4.5,58055,Munich Dunkel Lager Brauerei Hacklberg mactrail
115,12788,Firehouse Grill & Brewery,9/22/2011 4:41,4.5,4.5,4,ngeunit1,American Wild Ale,4.5,5,Vesuvius,5.5,73337,American Wild Ale Firehouse Grill & Brewery ngeunit1
116,2085,Dragonmead Microbrewery,4/23/2009 3:51,3.5,3,4,Reneejane,English Brown Ale,3.5,3.5,Dragonmead London Brown Ale,4.7,19715,English Brown Ale Dragonmead Microbrewery Reneejane
117,18858,Driftwood Brewery,7/8/2010 1:57,4,4,4,chickenm,Altbier,4,4,Crooked Coast Amber Ale,5.1,49979,Altbier Driftwood Brewery chickenm
118,12936,Rhymney Brewery Ltd,12/28/2008 18:18,3.5,4,4,wl0307,English Dark Mild Ale,3.5,3.5,Rhymney Dark,4,46889,English Dark Mild Ale Rhymney Brewery Ltd wl0307
119,7607,Leipziger Brauhaus zu Reudnitz GmbH,1/5/2010 12:47,3.5,4,4,lstokes,Maibock / Helles Bock,3,3,Reudnitzer Heller Ur-Bock,6.9,55237,Maibock / Helles Bock Leipziger Brauhaus zu Reudnitz GmbH lstokes
120,859,Snoqualmie Falls Brewing Company & Taproom,9/2/2010 0:52,4.5,4,4,trevorjn06,Oatmeal Stout,3.5,3.5,Black Frog Nitro Oatmeal Stout,4.8,48938,Oatmeal Stout Snoqualmie Falls Brewing Company & Taproom trevorjn06
121,1471,Dark Horse Brewing Company,2/6/2011 22:49,4.5,4,4,thetomG,American Stout,4,4,Dark Horse Tres Blueberry Stout,7.5,6227,American Stout Dark Horse Brewing Company thetomG
122,1395,Old Schoolhouse Brewery,6/17/2002 6:51,4,4,4,jreitman,Rye Beer,4,4,Grizzly Paw Honey Rye,4.2,4376,Rye Beer Old Schoolhouse Brewery jreitman
123,2549,Ringnes Bryggeri (Carlsberg),1/23/2007 20:35,5,3,3,Pengvim,Euro Pale Lager,3.5,2,Lysholmer Double Ice,4.5,31324,Euro Pale Lager Ringnes Bryggeri (Carlsberg) Pengvim
124,18563,Lift Bridge Brewery,8/18/2011 5:29,4.5,4.5,4,MattyG85,American Brown Ale,4,4.5,Chestnut Hill,7,54840,American Brown Ale Lift Bridge Brewery MattyG85
125,10397,Sly Fox Brewing Company,10/28/2008 0:54,4,4,4,mikesgroove,American IPA,4,4,Sterling IPA,7,42511,American IPA Sly Fox Brewing Company mikesgroove
126,1879,Garrison Brewing Company,10/12/2010 16:36,3.5,3.5,3,wordemupg,Fruit / Vegetable Beer,3.5,3.5,Blackberry Wheat,4.6,58676,Fruit / Vegetable Beer Garrison Brewing Company wordemupg
127,8,Widmer Brothers Brewing Company,12/28/2008 4:59,4,3.5,3.5,tempest,American Amber / Red Ale,4,3,Drop Top Amber,5,8917,American Amber / Red Ale Widmer Brothers Brewing Company tempest
128,9792,Natty Greenes Pub & Brewing Co.,7/10/2011 0:56,3.5,3,4,oberon,American Amber / Red Lager,4,3.5,American Amber Lager,5,70896,American Amber / Red Lager Natty Greenes Pub & Brewing Co. oberon
129,2681,Oskar Blues Grill & Brew,10/17/2011 3:27,3.5,3.5,4,oline73,American Pale Ale (APA),4,3.5,Dales Pale Ale (Centennial Dry Hopped),6.5,57574,American Pale Ale (APA) Oskar Blues Grill & Brew oline73
130,1499,Carolina Brewing Company,8/25/2011 1:13,3,3.5,4,sholland119,Maibock / Helles Bock,3,2.5,Carolina Spring Bock,6.5,8693,Maibock / Helles Bock Carolina Brewing Company sholland119
131,22951,Clown Shoes,1/29/2010 17:51,4,4,4,tigg924,American Black Ale,4,4,Hoppy Feet,7,55019,American Black Ale Clown Shoes tigg924
132,418,Left Hand Brewing Company,4/6/2008 19:18,3.5,3.5,3,JDV,German Pilsener,4,3.5,Polestar Pilsner,5.5,24651,German Pilsener Left Hand Brewing Company JDV
133,11798,Les Trois Brasseurs,12/7/2008 16:37,3.5,3,3.5,thierrynantes,English Brown Ale,3.5,3.5,Trois Brasseurs Scotch,4.8,46430,English Brown Ale Les Trois Brasseurs thierrynantes
134,24134,Westbrook Brewing Co.,1/1/2012 13:24,4.5,4,4,avalon07,Saison / Farmhouse Ale,4,4.5,Saison-Ale,6.2,72628,Saison / Farmhouse Ale Westbrook Brewing Co. avalon07
135,16354,COAST Brewing Company,4/1/2011 12:26,4,4,4,thagr81us,American Stout,4.5,4,Bulls Bay Oyster Stout,6.5,65420,American Stout COAST Brewing Company thagr81us
136,1066,Anacortes Brewery & Rockfish Grill,11/27/2009 20:02,3.5,3.5,4,BDJake,Munich Dunkel Lager,3.5,4.5,Noel Lager,5.5,3199,Munich Dunkel Lager Anacortes Brewery & Rockfish Grill BDJake
137,3120,Alpine Beer Company,11/9/2011 22:02,4,3.5,4,brew3crew,American Pale Wheat Ale,4,4.5,Willy Vanilly,4.9,10525,American Pale Wheat Ale Alpine Beer Company brew3crew
138,4374,Lapin Kulta,5/25/2010 12:42,3,3,4.5,bala747,Euro Pale Lager,2,2,Lapin Kulta IV A,5.2,24604,Euro Pale Lager Lapin Kulta bala747
139,22543,Birrificio Civale,9/4/2010 11:11,4,3.5,4,stcules,Belgian Strong Pale Ale,3.5,3.5,Virtute,7.5,61597,Belgian Strong Pale Ale Birrificio Civale stcules
140,18157,T&#275;rvetes Alus,9/7/2008 9:04,2.5,2,2.5,atis,German Pilsener,2,3,T&#275;rvetes Alus,5.3,44751,German Pilsener T&#275;rvetes Alus atis
141,16420,Oceanbryggeriet,12/2/2010 21:11,3.5,3,3.5,rarbring,Winter Warmer,4,3.5,Ocean EKO Julöl,5.6,63501,Winter Warmer Oceanbryggeriet rarbring
142,1550,Rock Bottom Restaurant & Brewery,1/23/2010 21:49,4.5,4,4,BuckeyeNation,American IPA,4,4,Aum IPA,6.14,55599,American IPA Rock Bottom Restaurant & Brewery BuckeyeNation
143,3451,Laurelwood Pizza Co. (CLOSED),7/14/2004 21:29,2,2.5,2,RedDiamond,Belgian Dark Ale,2,2.5,Holy Grail Abbey Ale,6,18737,Belgian Dark Ale Laurelwood Pizza Co. (CLOSED) RedDiamond
144,1942,Chernomor Brewery,7/25/2005 12:19,3.5,3.5,3,BuckeyeNation,American Adjunct Lager,3.5,3.5,Chernomor Extra,5.6,5305,American Adjunct Lager Chernomor Brewery BuckeyeNation
145,319,Brau Union Österreich AG,10/29/2011 13:49,3,2,3,WoodBrew,Euro Pale Lager,3,2.5,Gösser Beer,3.5,30352,Euro Pale Lager Brau Union Österreich AG WoodBrew
146,18796,Boquébière,12/10/2011 0:47,3.5,5,4.5,Rutager,American Barleywine,3.5,2.5,Barleywine 2010,9,64374,American Barleywine Boquébière Rutager
147,26,Three Floyds Brewing Co. & Brewpub,1/6/2012 15:59,4,4,3,TheGordianKnot,Russian Imperial Stout,3.5,4,Brandy Barrel Aged Dark Lord,15,70446,Russian Imperial Stout Three Floyds Brewing Co. & Brewpub TheGordianKnot
148,10796,Flying Monkeys Craft Brewery,2/14/2010 0:04,4,3.5,3.5,seand,American Pale Ale (APA),4,3.5,Flying Monkeys Hoptical Illusion,5.2,49983,American Pale Ale (APA) Flying Monkeys Craft Brewery seand
149,10068,Brasserie Artisanale Du Trégor,4/15/2006 10:59,3,2.5,3.5,stcules,Belgian Pale Ale,2.5,2.5,Sant Patern,6,29908,Belgian Pale Ale Brasserie Artisanale Du Trégor stcules
150,3174,Coopersmiths Pub & Brewing,5/20/2010 23:18,3.5,4,3.5,Bitterbill,American Stout,4,3.5,Chai Stout,7.2,52716,American Stout Coopersmiths Pub & Brewing Bitterbill
151,21473,Morgantown Brewing Company,11/15/2009 12:09,4.5,4,3.5,dmamiano,American Amber / Red Ale,4,4,Old Morgantown Amber,5.8,53995,American Amber / Red Ale Morgantown Brewing Company dmamiano
152,1749,Moosejaw Pizza & Dells Brewing Co.,4/19/2005 2:12,4.5,4,4,Bighuge,Dortmunder / Export Lager,4,4.5,Golden Logger,5,23246,Dortmunder / Export Lager Moosejaw Pizza & Dells Brewing Co. Bighuge
153,16378,Heater Allen Brewing,8/7/2011 22:26,4,4,4,jdense,Doppelbock,4,4,Mediator,7,49180,Doppelbock Heater Allen Brewing jdense
154,20708,Mustang Brewing Company,11/1/2011 1:10,3.5,3.5,4,emerge077,American Amber / Red Lager,3.5,3,Mustang Amber Lager,4.6,54337,American Amber / Red Lager Mustang Brewing Company emerge077
155,1386,Harmon Restaurant & Brewery,10/13/2008 23:35,3.5,3,3.5,ccrida,American Dark Wheat Ale,3.5,3.5,Harmons Killer Brew,5.6,45347,American Dark Wheat Ale Harmon Restaurant & Brewery ccrida
156,532,Budelse Brouwerij B.V.,12/29/2010 15:48,2.5,3,3,RuudJH,Fruit / Vegetable Beer,2.5,2.5,Budels Honey,4.5,20582,Fruit / Vegetable Beer Budelse Brouwerij B.V. RuudJH
157,771,Ferme Brasserie Schoune,9/18/2011 18:48,2,2,3,crankset,American Amber / Red Ale,2,1.5,Érable Rouge,5,45284,American Amber / Red Ale Ferme Brasserie Schoune crankset
158,18990,Joseph James Brewing Inc.,4/21/2010 23:32,3,3,3.5,LXIXME,Fruit / Vegetable Beer,3.5,3.5,Freakin Frog Apple Ale,5.1,49711,Fruit / Vegetable Beer Joseph James Brewing Inc. LXIXME
159,21336,Duggans Brewery,4/11/2010 6:14,4,4,4.5,peensteen,American IPA,4,4,Mike Duggan #09 IPA,6.2,48949,American IPA Duggans Brewery peensteen
160,1784,Outer Banks Brewing Station,6/8/2011 19:16,3.5,4,3.5,TJBAIHWL,American Brown Ale,3,3,Cocoa Brown,5.7,69535,American Brown Ale Outer Banks Brewing Station TJBAIHWL
161,9897,Jolly Pumpkin Artisan Ales,7/14/2011 1:40,3.5,3.5,3.5,JAXSON,American Wild Ale,3.5,3,Perseguidor (Batch 1),7.2,33867,American Wild Ale Jolly Pumpkin Artisan Ales JAXSON
162,24453,Intuition Ale Works,9/22/2011 1:25,4.5,3.5,5,kylehay2004,American Black Ale,4,4.5,TCB Black Rye,6.8,73328,American Black Ale Intuition Ale Works kylehay2004
163,742,District ChopHouse & Brewery,4/9/2006 12:24,3,2.5,2.5,TastyTaste,Tripel,2.5,3,Apocalypse 5:30,9.2,29751,Tripel District ChopHouse & Brewery TastyTaste
164,839,Tooheys Brewing,8/7/2011 8:17,1.5,1,2.5,Macca,Light Lager,1.5,1.5,Tooheys Gold,3.4,4005,Light Lager Tooheys Brewing Macca
165,15917,Prilepska Pivarnica,4/21/2011 8:30,4,3,3.5,xylophonica,Euro Pale Lager,3,3.5,Golden Dab,4.5,36125,Euro Pale Lager Prilepska Pivarnica xylophonica
166,13092,Otley Brewing Company Limited,10/28/2009 20:00,3,4,2.5,PartyBear,English Stout,3,3,Dark-O,4.1,53736,English Stout Otley Brewing Company Limited PartyBear
167,1454,Broad Ripple Brew Pub,11/7/2011 20:01,4.5,4,4,JamesS,Milk / Sweet Stout,4.5,4.5,Sparkys Chocolate Milk Stout,5.6,74998,Milk / Sweet Stout Broad Ripple Brew Pub JamesS
168,6300,Old Hat Brewery & Grill,6/9/2008 2:50,4,3.5,4,emerge077,American Amber / Red Ale,3.5,3.5,Old Hat Red Lager,4.8,43126,American Amber / Red Ale Old Hat Brewery & Grill emerge077
169,17980,Lawsons Finest Liquids,9/11/2010 22:02,3.5,4,4.5,kingcrowing,American Black Ale,4,4,BIG HAPI India Black Ale,7,47767,American Black Ale Lawsons Finest Liquids kingcrowing
170,26806,Metalman Brewery,12/14/2011 14:05,4,4,4,StJamesGate,American Amber / Red Ale,4,4.5,Windjammer,4.8,73123,American Amber / Red Ale Metalman Brewery StJamesGate
171,1897,Brasserie Coreff,4/4/2008 21:08,3,3,3.5,thierrynantes,English Brown Ale,3,3,Coreff Saint Patrick,5,41967,English Brown Ale Brasserie Coreff thierrynantes
172,42,Brewery Ommegang,10/5/2011 3:49,4,4,4,kylehay2004,Saison / Farmhouse Ale,4,4,2011 Belgian Independence Day Saison,6.5,68881,Saison / Farmhouse Ale Brewery Ommegang kylehay2004
173,220,Lagunitas Brewing Company,6/3/2011 0:46,3.5,3.5,3,DCon,American Double / Imperial Pilsner,3.5,4,Fusion IV,9.7,62618,American Double / Imperial Pilsner Lagunitas Brewing Company DCon
174,19456,Coop Ale Works,10/29/2011 6:15,4,3,4.5,crusian,Belgian Strong Pale Ale,4.5,3,DNR Belgian-Style Golden Ale,10,49193,Belgian Strong Pale Ale Coop Ale Works crusian
175,4568,Crannóg Ales,10/1/2011 18:09,4,4,4,DaftCaskBC,American IPA,3.5,4,Insurrection IPA,5.4,73682,American IPA Crannóg Ales DaftCaskBC
176,11784,A Tribbiera,9/19/2005 19:19,2.5,2.5,3,stcules,Herbed / Spiced Beer,2.5,2.5,Prima,5,25915,Herbed / Spiced Beer A Tribbiera stcules
177,780,Granville Island Brewery,3/2/2011 7:21,4,4,4,CrazyMike,American IPA,3.5,3.5,Palimino Pale Ale,5,66817,American IPA Granville Island Brewery CrazyMike
178,16446,Elliott Bay Brewhouse & Pub,1/11/2009 3:38,2.5,2,3,RedDiamond,American IPA,2.5,2.5,Highline IPA,5.8,47204,American IPA Elliott Bay Brewhouse & Pub RedDiamond
179,136,Utah Brewers Cooperative,12/21/2010 6:35,3.5,3,2.5,ForWhatAlesYou,Fruit / Vegetable Beer,3,4,Wasatch Raspberry Wheat Beer,4,10862,Fruit / Vegetable Beer Utah Brewers Cooperative ForWhatAlesYou
180,15032,Powerhouse Restaurant And Brewery,3/28/2011 19:02,3,2,3.5,beerandcycling88,Scottish Ale,3,3,Powerhouse Scottish,6.2,33735,Scottish Ale Powerhouse Restaurant And Brewery beerandcycling88
181,785,Albani Bryggerierne (Royal Unibrew),11/24/2005 20:34,4.5,3,3,Etienne,Euro Pale Lager,4,4,Albani Odense Pilsner,4.6,22722,Euro Pale Lager Albani Bryggerierne (Royal Unibrew) Etienne
182,13558,G.G. Brewers,11/25/2006 21:03,4,4,2.5,edskirk3,American Double / Imperial Stout,2.5,2.5,Apricot Stout,9,33958,American Double / Imperial Stout G.G. Brewers edskirk3
183,24623,Cervezas Regia Toledo S.L.,8/13/2011 22:45,4,3.5,4,GONZALOYANNA,American IPA,3.5,4,Domus Aurea,6,72061,American IPA Cervezas Regia Toledo S.L. GONZALOYANNA
184,7011,Schwetzinger Brauhaus zum Ritter GmbH & Co. KG,6/17/2009 22:15,5,4.5,5,MuenchenerKindl,Hefeweizen,4.5,5,Ritter Weizen,5,50534,Hefeweizen Schwetzinger Brauhaus zum Ritter GmbH & Co. KG MuenchenerKindl
185,9343,Beer Works,2/13/2010 16:48,3,2.5,2.5,donkeyrunner,Weizenbock,3,3,Suh-wheat,7,56072,Weizenbock Beer Works donkeyrunner
186,3925,Mickey Finns Brewery,9/12/2010 18:42,4,3.5,4,TMoney2591,American Pale Wheat Ale,4,3.5,847 Suburban Wheat Ale,5.4,56431,American Pale Wheat Ale Mickey Finns Brewery TMoney2591
187,2435,Chama River Brewing Company,12/11/2011 4:02,4,4,4,ZenAgnostic,American Double / Imperial IPA,4,4,Alpha Assault Triple IPA,10.8,76203,American Double / Imperial IPA Chama River Brewing Company ZenAgnostic
188,1933,Mishawaka Brewing Company,4/5/2011 2:01,2.5,2,4,betsona,American Pale Ale (APA),4,2,Lake Effect Pale Ale,5.8,6766,American Pale Ale (APA) Mishawaka Brewing Company betsona
189,99,Matt Brewing Company,12/21/2011 0:26,4,4,3.5,Ratman197,Fruit / Vegetable Beer,3.5,4,Saranac Summer Brew,3.5,49614,Fruit / Vegetable Beer Matt Brewing Company Ratman197
190,2974,Radeberger Exportbierbrauerei,9/22/2010 18:37,3.5,3.5,4.5,Sachsenfreude,Keller Bier / Zwickel Bier,5,5,Radeberger Zwickel,5,54960,Keller Bier / Zwickel Bier Radeberger Exportbierbrauerei Sachsenfreude
191,2563,Holgate Brewhouse / Keatings Hotel,5/8/2011 9:37,3.5,3.5,3,Stew41,Belgian Strong Dark Ale,4,3.5,Double Trouble,8,26105,Belgian Strong Dark Ale Holgate Brewhouse / Keatings Hotel Stew41
192,3239,Sierra Blanca Brewing Company (Rio Grande),7/9/2011 23:38,3,3,4,mactrail,American Pale Ale (APA),4,3.5,Sierra Blanca Pale Ale,6,12284,American Pale Ale (APA) Sierra Blanca Brewing Company (Rio Grande) mactrail
193,5008,Brasserie de Skida,4/13/2004 19:56,1,2,2,slitherySOB,Munich Dunkel Lager,2,1.5,Lagerer,5,17104,Munich Dunkel Lager Brasserie de Skida slitherySOB
194,1467,Micro-brasserie Saint-Arnould,7/16/2010 18:55,3,3.5,3,sketchpunx,Fruit / Vegetable Beer,2.5,2,Marie Framboise,5,45563,Fruit / Vegetable Beer Micro-brasserie Saint-Arnould sketchpunx
195,952,Great Dane Pub & Brewing Company (Downtown),12/11/2009 5:08,4.5,4.5,4,Ek0nomik,American IPA,4.5,4,Hop Rush,7.3,54676,American IPA Great Dane Pub & Brewing Company (Downtown) Ek0nomik
196,12359,Krynitsa,5/3/2009 19:01,2.5,2.5,3,atis,Euro Pale Lager,3,2,Krynitsa 1 Ljuks,4,49566,Euro Pale Lager Krynitsa atis
197,18635,Aviator Brewing Company,1/10/2012 17:08,4,4,4,beer2day,Oatmeal Stout,4.5,4,Black Mamba Oatmeal Stout,6.3,76827,Oatmeal Stout Aviator Brewing Company beer2day
198,354,Carolina Beer Company,3/26/2010 3:12,4.5,4.5,3.5,tpd975,American Double / Imperial Stout,4,5,Cottonwood High Cotton Hazelnut Stout,8.5,34949,American Double / Imperial Stout Carolina Beer Company tpd975
199,286,Hampshire Brewery Ltd,2/4/2009 20:59,4,3.5,4,wl0307,Fruit / Vegetable Beer,4.5,4,Pink Elephant,5.4,43337,Fruit / Vegetable Beer Hampshire Brewery Ltd wl0307
200,961,Privat Brauerei Schmucker Ober-Mossau KG,7/2/2010 17:33,3.5,3.5,4,endovelico,Keller Bier / Zwickel Bier,4,3.5,Keller Bier,5,39077,Keller Bier / Zwickel Bier Privat Brauerei Schmucker Ober-Mossau KG endovelico
201,2791,Brouwerij Timmermans-John Martin N.V.,1/1/2011 19:12,3,3.5,4,basica,Lambic - Fruit,3,3.5,Timmermans Fruits De La Foret Lambic,4.5,45389,Lambic - Fruit Brouwerij Timmermans-John Martin N.V. basica
202,301,Sociedade Central de Cervejas,7/3/2011 19:53,2.5,3,4,eduardolinhalis,Euro Dark Lager,3,2.5,Sagres Cerveja Preta (Dark),4.3,6187,Euro Dark Lager Sociedade Central de Cervejas eduardolinhalis
203,225,Amherst Brewing Co.,2/3/2010 0:50,4,4.5,4.5,cbutova,American Amber / Red Ale,3.5,4,Ryetous Red Dry Hopped With Simcoe,4.6,55839,American Amber / Red Ale Amherst Brewing Co. cbutova
204,13090,Breconshire Brewery,6/3/2010 1:49,3.5,4,4,nickfl,English Dark Mild Ale,3.5,3.5,Bishop Gowers Well,4.1,58859,English Dark Mild Ale Breconshire Brewery nickfl
205,11056,Les Trois Mousquetaires,1/10/2012 14:45,2.5,3,4,Hojaminbag,Keller Bier / Zwickel Bier,4,2.5,Série Signature Kellerbier,5.5,51541,Keller Bier / Zwickel Bier Les Trois Mousquetaires Hojaminbag
206,42,Brewery Ommegang,7/2/2010 11:36,3.5,4,3.5,northyorksammy,Flanders Oud Bruin,3.5,4,Ommegang Zuur,6,58922,Flanders Oud Bruin Brewery Ommegang northyorksammy
207,414,Diamond Bear Brewing Company,9/18/2009 18:14,4.5,3.5,4,jcdgoad,Märzen / Oktoberfest,4,4.5,Rocktoberfest,5.98,29555,Märzen / Oktoberfest Diamond Bear Brewing Company jcdgoad
208,13640,Baltika-Baku,10/7/2010 2:21,3,3.5,3,TheKingofWichita,Dortmunder / Export Lager,3.5,3,"""33"" Export",4.8,30080,Dortmunder / Export Lager Baltika-Baku TheKingofWichita
209,863,Russian River Brewing Company,10/4/2011 4:11,4.5,4,4,PaulStoneAnchor,American Pale Ale (APA),4,4.5,It Takes A Lot Of Great Beer To Make Great Wine,4.7,72512,American Pale Ale (APA) Russian River Brewing Company PaulStoneAnchor
210,553,Bierbrouwerij Sint Christoffel B.V,7/31/2011 15:52,2.5,2.5,3,kojevergas,Euro Strong Lager,2,3,Christoffel Nobel Dry Hopped Bramling Cross,8.7,69621,Euro Strong Lager Bierbrouwerij Sint Christoffel B.V kojevergas
211,16118,Worth Brewing Company,8/28/2011 18:48,4,4,3.5,cpolking,Rauchbier,4,4,Black Chow Smoked Rye Porter,5.9,72559,Rauchbier Worth Brewing Company cpolking
212,13947,High & Mighty Beer Co.,1/2/2012 2:12,1,2,3,beergoot,American Brown Ale,3,2,Home For The Holidays,7,46540,American Brown Ale High & Mighty Beer Co. beergoot
213,16352,Blue Mountain Brewery,2/25/2008 1:06,4,3,3.5,esv,American Pale Ale (APA),3.5,4.5,Full Nelson Virginia Pale Ale,5.9,39415,American Pale Ale (APA) Blue Mountain Brewery esv
214,959,Silver City Brewing Co.,3/25/2009 2:24,2.5,3,4,RedDiamond,Irish Dry Stout,2,2.5,Shannons Stout,4.2,48709,Irish Dry Stout Silver City Brewing Co. RedDiamond
215,96,Magic Hat Brewing Company,8/7/2010 23:21,4,4,4,pigseyepub,American IPA,3.5,4.5,Hi.P.A.,6.7,9873,American IPA Magic Hat Brewing Company pigseyepub
216,17005,Two Beers Brewing Co.,12/29/2011 22:11,2.5,2.5,4,Vancoubeer,American Black Ale,3,2.5,Heart Of Darkness CDA,8.4,72902,American Black Ale Two Beers Brewing Co. Vancoubeer
217,16846,Block 15 Brewery & Restaurant,8/6/2011 18:41,4,4.5,4,johnmichaelsen,American Amber / Red Ale,3.5,4,King Caspian,9,48489,American Amber / Red Ale Block 15 Brewery & Restaurant johnmichaelsen
218,3800,Erste Obermurtaler Brauereigenossenschaft,12/18/2007 14:04,4.5,4,4,allboutbierge,Czech Pilsener,4,4.5,Murauer Pils,5.4,40124,Czech Pilsener Erste Obermurtaler Brauereigenossenschaft allboutbierge
219,743,Lancaster Brewing Company,12/29/2004 14:09,4,3,4,woodychandler,Euro Dark Lager,3.5,3.5,Munich Dark Lager,5.6,21323,Euro Dark Lager Lancaster Brewing Company woodychandler
220,1550,Rock Bottom Restaurant & Brewery,4/27/2011 15:38,5,4,4,JamesS,Rye Beer,4.5,4.5,Catcher In The Rye,5.1,38812,Rye Beer Rock Bottom Restaurant & Brewery JamesS
221,952,Great Dane Pub & Brewing Company (Downtown),2/17/2008 12:13,4,3.5,4,BuckeyeNation,English Bitter,4,3.5,Barkers Bitter,4.8,41051,English Bitter Great Dane Pub & Brewing Company (Downtown) BuckeyeNation
222,16378,Heater Allen Brewing,9/20/2011 21:54,3.5,3,3.5,jbakajust1,Dunkelweizen,3.5,4,Dinkel Dunkel,4.4,73296,Dunkelweizen Heater Allen Brewing jbakajust1
223,1550,Rock Bottom Restaurant & Brewery,7/17/2010 19:23,3.5,4,3.5,BuckeyeNation,Vienna Lager,3.5,4,Old Scratch,5.15,60131,Vienna Lager Rock Bottom Restaurant & Brewery BuckeyeNation
224,20472,Hornbeer,4/28/2010 1:52,4,4,4,Mora2000,Russian Imperial Stout,4,4,Black Magic Woman,10,54582,Russian Imperial Stout Hornbeer Mora2000
225,368,Capital Brewery,2/7/2010 18:23,4,3.5,4,Mdog,Eisbock,4,4,EisPhyre,9.8,28944,Eisbock Capital Brewery Mdog
226,1635,Chelsea Brewing Company,9/28/2011 19:29,3.5,3,4,mdfb79,American IPA,4,3.5,Chelsea New York State Of Mind,6,61963,American IPA Chelsea Brewing Company mdfb79
227,1066,Anacortes Brewery & Rockfish Grill,6/14/2011 4:30,3.5,4,4,LazyL,American Porter,3.5,3.5,Anacortes Porter,5.5,3194,American Porter Anacortes Brewery & Rockfish Grill LazyL
228,743,Lancaster Brewing Company,8/31/2006 5:32,4.5,3.5,4,Phatz,American Amber / Red Ale,3.5,3.5,Red Rose Amber,5.2,7867,American Amber / Red Ale Lancaster Brewing Company Phatz
229,8685,Ruth McGowans Brewpub,9/28/2007 18:30,4,4,4,rkuhnel,American IPA,4,4,Every Day IPA,6,15292,American IPA Ruth McGowans Brewpub rkuhnel
230,6045,Iron Hill Brewery & Restaurant,8/9/2011 19:27,4,4,4,Kegatron,American Amber / Red Ale,4,4,Hopkowski,8,38567,American Amber / Red Ale Iron Hill Brewery & Restaurant Kegatron
231,20417,White Birch Brewing,1/7/2012 4:06,3,3,4,Thorpe429,Saison / Farmhouse Ale,3,3,White Birch Farmhouse Blonde,6.8,75561,Saison / Farmhouse Ale White Birch Brewing Thorpe429
232,15526,Hopfenstark,10/16/2011 18:36,4,4,3.5,johnmichaelsen,American Double / Imperial Stout,4,4,Kamarad Friedrich - 5 Star Edition Oak Aged,11,42962,American Double / Imperial Stout Hopfenstark johnmichaelsen
233,1749,Moosejaw Pizza & Dells Brewing Co.,6/13/2011 16:24,4,3,3.5,kellyz9,American Double / Imperial Stout,4,4,Bettys Breakfast Stout,9,57322,American Double / Imperial Stout Moosejaw Pizza & Dells Brewing Co. kellyz9
234,16352,Blue Mountain Brewery,11/19/2011 19:28,3.5,4,3.5,AlCaponeJunior,Old Ale,4,3.5,Lights Out Holiday Ale,7,39416,Old Ale Blue Mountain Brewery AlCaponeJunior
235,1567,Brew Moon Restaurant & Microbrewery,10/22/2000 0:00,3.5,4,3.5,Jason,Scotch Ale / Wee Heavy,3.5,4,Brew Moon 90 Schilling Scotch Ale,8,789,Scotch Ale / Wee Heavy Brew Moon Restaurant & Microbrewery Jason
236,11974,Leelanau Brewing Company,2/19/2011 0:56,3.5,4,2,BearsOnAcid,Witbier,4,4,Whaleback White,5.2,25220,Witbier Leelanau Brewing Company BearsOnAcid
237,651,Ithaca Beer Company,10/2/2011 2:04,4,4,4,northyorksammy,Quadrupel (Quad),4,4,TWELVE,10,55137,Quadrupel (Quad) Ithaca Beer Company northyorksammy
238,396,AleSmith Brewing Company,11/10/2010 2:43,5,5,5,johndoe8,American Double / Imperial Stout,5,5,Alesmith Speedway Stout - Toasted Coconut,12,63205,American Double / Imperial Stout AleSmith Brewing Company johndoe8
239,24047,Crossroads Brewing Company,7/8/2011 5:07,3.5,3,3.5,renegadeburger,German Pilsener,3.5,3.5,First Pitch Pils,5.1,69551,German Pilsener Crossroads Brewing Company renegadeburger
240,515,Huisbrouwerij Klein Duimpje,1/4/2007 16:27,1,2,2,paterlodie,American Blonde Ale,2,2,Bollenstreek Ale,7,14771,American Blonde Ale Huisbrouwerij Klein Duimpje paterlodie
241,585,Brauerei Gebrüder Maisel GmbH & Co.,7/11/2011 20:12,3.5,3,3.5,rarbring,Keller Bier / Zwickel Bier,3.5,4,Maisels Zwickl,5.5,22031,Keller Bier / Zwickel Bier Brauerei Gebrüder Maisel GmbH & Co. rarbring
242,2391,Cascade Brewing / Raccoon Lodge & Brewpub,7/5/2011 23:05,3,3,3.5,Beerandraiderfan,American IPA,3,3,FNG IPA,4.7,70754,American IPA Cascade Brewing / Raccoon Lodge & Brewpub Beerandraiderfan
243,10750,An Teallach Ale Co.,11/17/2011 22:46,4,4.5,4.5,BDTyre,English Stout,4,4.5,The Hector,5,75420,English Stout An Teallach Ale Co. BDTyre
244,160,Wychwood Brewery Company Ltd,11/3/2011 23:56,3,2.5,3.5,jazzyjeff13,Pumpkin Ale,3,3,Pumpking,4.5,13590,Pumpkin Ale Wychwood Brewery Company Ltd jazzyjeff13
245,829,Haines Brewing Company,11/16/2011 6:42,3.5,3.5,4,TCHopCraver,American Amber / Red Ale,3.5,4,Eldred Rock Amber,5,29458,American Amber / Red Ale Haines Brewing Company TCHopCraver
246,24444,Thr3e Wise Men,1/25/2011 0:51,5,4.5,3.5,JamesS,American Amber / Red Ale,4.5,4.5,Hoggy Style Amber,5,65583,American Amber / Red Ale Thr3e Wise Men JamesS
247,18359,The Cambridge House,8/22/2010 12:17,4,3.5,4,dyan,American Brown Ale,4,3.5,Brownoser,5.6,61278,American Brown Ale The Cambridge House dyan
248,26382,The Phoenix Ale Brewery,12/18/2011 4:35,2,2,2,rbowser,American IPA,2,2,Camelback IPA,6.1,75512,American IPA The Phoenix Ale Brewery rbowser
249,2930,Robert Cain & Company Limited,1/11/2008 18:14,4,4,4.5,wl0307,Oatmeal Stout,4.5,4,Cains Creamy Stout,4.1,40513,Oatmeal Stout Robert Cain & Company Limited wl0307
250,25053,Sound Brewery,12/30/2011 18:28,3.5,3.5,4,distantmantra,Tripel,3.5,4,Monks Indiscretion,10,72890,Tripel Sound Brewery distantmantra
251,62,D.L. Geary Brewing Company,8/5/2007 23:37,4,4,4,riversider76,Kölsch,4,3.5,Gearys Summer Ale,6,1136,Kölsch D.L. Geary Brewing Company riversider76
252,780,Granville Island Brewery,9/25/2011 4:55,3,3.5,3.5,DaftCaskBC,American IPA,3,3,Brockton IPA,6,48847,American IPA Granville Island Brewery DaftCaskBC
253,1550,Rock Bottom Restaurant & Brewery,1/15/2007 0:43,4,4,4,mentor,Altbier,3.5,4,Terrapin Alt,5,28243,Altbier Rock Bottom Restaurant & Brewery mentor
254,220,Lagunitas Brewing Company,1/26/2007 4:23,3.5,5,4.5,rustyhydrant217,Wheatwine,4,4,Eye Of The Hairball Ale,7.1,6627,Wheatwine Lagunitas Brewing Company rustyhydrant217
255,4408,RJ Rockers Brewing Company,3/4/2011 5:30,4,4,4,jsprain1,Belgian Pale Ale,4.5,4,Fish Paralyzer,7.5,22789,Belgian Pale Ale RJ Rockers Brewing Company jsprain1
256,866,Scotch Irish Brewing Company,11/6/2007 3:24,3,3.5,3.5,Viggo,Smoked Beer,3.5,3,Fire In The Hole Smoked Porter,6,39496,Smoked Beer Scotch Irish Brewing Company Viggo
257,3926,Trinidad Brewing Company,8/30/2009 23:15,2.5,2.5,4,GbVDave,Russian Imperial Stout,3,2.5,Bon Carbo Stout,8.9,40677,Russian Imperial Stout Trinidad Brewing Company GbVDave
258,8227,The Alchemist Pub & Brewery,11/10/2005 20:21,4,3.5,3.5,northyorksammy,English Brown Ale,3.5,3.5,Bolton Brown,5.65,16957,English Brown Ale The Alchemist Pub & Brewery northyorksammy
259,1177,Minneapolis Town Hall Brewery,6/16/2009 9:11,3.5,3.5,4,rtepiak,English Bitter,3.5,3.5,West Bank Pub Ale,4.6,11445,English Bitter Minneapolis Town Hall Brewery rtepiak
260,9771,Harringtons Brewery,7/6/2010 2:55,3,3.5,3,CrazyDavros,Doppelbock,3.5,3,Harringtons Dopplebock,8,18287,Doppelbock Harringtons Brewery CrazyDavros
261,16993,Brasseurs De Montréal,7/18/2011 16:50,2.5,3.5,3,Matt1516,Fruit / Vegetable Beer,2,2.5,Ô Fruit Cerise,4,71010,Fruit / Vegetable Beer Brasseurs De Montréal Matt1516
262,1635,Chelsea Brewing Company,7/14/2011 4:19,3.5,3,3.5,rtepiak,American IPA,3,2,Chelsea Hop Angel IPA,6.8,31488,American IPA Chelsea Brewing Company rtepiak
263,6372,Fort Collins Brewing,8/14/2011 5:48,3,3,3,MrDonQuixote,Vienna Lager,3,3,Edgar Lager,4.8,12884,Vienna Lager Fort Collins Brewing MrDonQuixote
264,805,Brasserie Du Bocq,10/9/2010 13:19,4,3,3.5,snogglethorpe,Saison / Farmhouse Ale,4,4,Saison Regal,5.5,8529,Saison / Farmhouse Ale Brasserie Du Bocq snogglethorpe
265,643,The Brü Rm. at BAR,4/25/2010 5:27,4,3.5,3.5,Gambrinus1184,American Pale Ale (APA),4,4,BruRm Super AmBar Ale,7.5,57821,American Pale Ale (APA) The Brü Rm. at BAR Gambrinus1184
266,804,Brasserie de Silly S.A.,4/7/2011 9:55,3,3,2,CrazyDavros,German Pilsener,3,2,Silly Pils,5,2494,German Pilsener Brasserie de Silly S.A. CrazyDavros
267,21566,Grove Street Brewhouse,5/2/2010 3:12,3.5,4,3,RedDiamond,American Porter,3,3.5,Mahogany Nob,5.4,57961,American Porter Grove Street Brewhouse RedDiamond
268,700,Elysian Brewing Company,2/6/2011 19:20,1.5,1.5,3,chumba526,American Black Ale,4,1.5,Trip VII,8.6,65268,American Black Ale Elysian Brewing Company chumba526
269,13307,Mikkeller ApS,12/20/2011 2:32,4,3.5,3.5,kojevergas,Witbier,3.5,4,Not Just Another Wit,7.4,45770,Witbier Mikkeller ApS kojevergas
270,2312,Tenaya Creek Brewery,12/30/2008 18:47,3.5,3.5,3,Dogbrick,American Pale Ale (APA),3.5,3,Tenaya Creek Ringtail Ale,6,8417,American Pale Ale (APA) Tenaya Creek Brewery Dogbrick
271,5318,Port Brewing Company / Pizza Port,6/1/2006 4:58,4.5,3.5,4,GClarkage,American Strong Ale,4.5,4.5,Ale Niño Ale,6.8,13938,American Strong Ale Port Brewing Company / Pizza Port GClarkage
272,4027,Great Adirondack Steak And Seafood Co.,3/3/2011 1:38,5,4,4,josefnewsong,American Double / Imperial IPA,4.5,4.5,Seans Super Nugget IPA,9.3,65714,American Double / Imperial IPA Great Adirondack Steak And Seafood Co. josefnewsong
273,1398,Empire Brewing Company,6/29/2011 15:53,4,4,4,BEERchitect,American Brown Ale,4,4,Empire Downtown Brown,5.8,38362,American Brown Ale Empire Brewing Company BEERchitect
274,2544,Shumensko Pivo (Carlsberg),9/26/2010 3:18,2.5,3,3,Jeriba,Euro Pale Lager,3,3,Shumensko Wymehcko,4.2,40306,Euro Pale Lager Shumensko Pivo (Carlsberg) Jeriba
275,692,Ellicottville Brewing Co.,2/7/2009 6:51,3,4,4,dogfishandi,Altbier,3,4,9303 German Red Ale,5.8,21956,Altbier Ellicottville Brewing Co. dogfishandi
276,393,Heavyweight Brewing Co.,5/9/2006 3:14,4.5,4,4,Sephiroth,Flanders Red Ale,4.5,4.5,Ch-Chuck,6.4,27204,Flanders Red Ale Heavyweight Brewing Co. Sephiroth
277,7234,Potters Hotel & Brewery (Hunter Beer Co),1/5/2008 0:49,3,2.5,3,vancurly,Hefeweizen,3.5,3,Hunter Hefeweizen,4.5,40412,Hefeweizen Potters Hotel & Brewery (Hunter Beer Co) vancurly
278,127,Portland Brewing Company,9/5/2011 2:10,4,4,4,Jason,Czech Pilsener,3.5,4,MacTarnahans Full Bloom Craft Lager,6.3,70522,Czech Pilsener Portland Brewing Company Jason
279,96,Magic Hat Brewing Company,2/22/2008 7:14,3,3,4,gobias,American Dark Wheat Ale,4,3.5,Odd Notion (Winter 07),7.5,39029,American Dark Wheat Ale Magic Hat Brewing Company gobias
280,1037,Barleys Brewing Company,8/20/2011 5:24,4,4,4,cosmo4u,Hefeweizen,4,4.5,Barleys Blood Thirst Wheat,5,60809,Hefeweizen Barleys Brewing Company cosmo4u
281,764,Blue Point Brewing Company,12/13/2011 3:56,5,5,4.5,vfgccp,Belgian IPA,5,4.5,Blue Point White IPA,6,73047,Belgian IPA Blue Point Brewing Company vfgccp
282,4278,Taylors Restaurant and Brewery,1/2/2004 1:14,4,4,4,beerguy101,Hefeweizen,4,4,Hefeweizen Strong Ale Version,8.2,15197,Hefeweizen Taylors Restaurant and Brewery beerguy101
283,2504,New Albanian Brewing Company - Pizzeria and Public House,10/5/2005 6:26,4,4,4,feloniousmonk,English Dark Mild Ale,3.5,4,Community Dark Mild Ale,3.7,10836,English Dark Mild Ale New Albanian Brewing Company - Pizzeria and Public House feloniousmonk
284,10525,Bryggeriet S.C. Fuglsang,8/24/2008 11:35,1.5,2,3,lghansen,Bock,3,1.5,Fuglsang White Bock,7.8,23191,Bock Bryggeriet S.C. Fuglsang lghansen
285,463,Magnolia Pub & Brewery,11/27/2011 16:31,2.5,3,3.5,womencantsail,American Wild Ale,3,2.5,Bears Choice,4.9,75752,American Wild Ale Magnolia Pub & Brewery womencantsail
286,1066,Anacortes Brewery & Rockfish Grill,9/15/2010 2:03,4.5,4,4,ccrida,American Black Ale,4,4.5,Dark Side Imperial IPA,8.5,48587,American Black Ale Anacortes Brewery & Rockfish Grill ccrida
287,5895,Judge Baldwins Brewing Company,5/12/2008 19:27,3,3,3,rye726,American Porter,3,3,Great American Brown Porter,5.5,33819,American Porter Judge Baldwins Brewing Company rye726
288,236,Offshore Ale Company,6/24/2005 16:51,3.5,3.5,4.5,UncleFlip,Tripel,4,4,Tripel (on Early Times Wood In A Bed Of Cranberries),7,24359,Tripel Offshore Ale Company UncleFlip
289,12098,Skye Book And Brew,9/15/2007 3:22,3,3.5,3,RedDiamond,American IPA,3,3,Johnson Hollow IPA,4.2,38663,American IPA Skye Book And Brew RedDiamond
290,14445,Native Stone Winery & Bull Rock Brewery,9/8/2007 18:31,3,3.5,3.5,karst,Kölsch,3.5,3.5,Bull Rock Kolsch,5,38563,Kölsch Native Stone Winery & Bull Rock Brewery karst
291,859,Snoqualmie Falls Brewing Company & Taproom,2/14/2011 0:01,3.5,3,3.5,Bookseeb,American Pale Wheat Ale,4,3.5,Haystack Hefeweizen,5.3,37969,American Pale Wheat Ale Snoqualmie Falls Brewing Company & Taproom Bookseeb
292,24827,High Water Brewing,11/21/2011 6:16,2,2,2.5,Arbitrator,Baltic Porter,2,2,Brandy Barrel-Aged Baltic Porter,9.3,75586,Baltic Porter High Water Brewing Arbitrator
293,386,Broken Tooth Brewing,12/12/2009 21:20,3.5,3.5,3.5,randawakes,American Amber / Red Ale,3.5,3.5,Alpenglow Amber,5.2,1099,American Amber / Red Ale Broken Tooth Brewing randawakes
294,765,Trafalgar Ales & Meads,5/9/2010 21:46,3.5,3.5,4,mooseisloose,American Pale Ale (APA),3.5,3.5,Left Coast Pale Ale,5,54361,American Pale Ale (APA) Trafalgar Ales & Meads mooseisloose
295,8346,Maisel Bräu Bamberg GmbH,11/29/2005 17:22,4,4,4,paterlodie,Munich Helles Lager,4,3.5,Maisel Premium Lager Original,4.9,27145,Munich Helles Lager Maisel Bräu Bamberg GmbH paterlodie
296,10758,Cervejaria Universitária,12/22/2007 12:46,4,1.5,3.5,russo,German Pilsener,2.5,2.5,Universitária Pilsen,5,21635,German Pilsener Cervejaria Universitária russo
297,747,General Lafayette Inn & Brewery,10/22/2007 3:44,3.5,3.5,4,tempest,Czech Pilsener,3.5,3.5,Prosim Pilsner,4.7,39271,Czech Pilsener General Lafayette Inn & Brewery tempest
298,5191,Ram Restaurant & Brewery,11/10/2010 18:32,3,3,3,t0rin0,American Stout,3,2.5,Nefarious Nelson Stout,5.6,63362,American Stout Ram Restaurant & Brewery t0rin0
299,3553,Yo-Ho Brewing Company,10/20/2008 15:00,4.5,4,4,bobsy,Extra Special / Strong Bitter (ESB),4,4.5,Seasonal 2008 ESB,6,44828,Extra Special / Strong Bitter (ESB) Yo-Ho Brewing Company bobsy
300,1549,Goose Island Beer Co.,1/3/2010 15:54,4,4,3.5,cagocubs,English Bitter,4,4.5,John The Younger,5.3,54112,English Bitter Goose Island Beer Co. cagocubs
301,395,Bluegrass Brewing Co. - East St. Matthews,4/20/2011 16:02,2.5,2,2,dmfrench,Baltic Porter,4,3.5,Bourbon Barrel Russian Imperial Porter,11,49786,Baltic Porter Bluegrass Brewing Co. - East St. Matthews dmfrench
302,590,New Glarus Brewing Company,10/31/2009 2:06,4,3.5,3.5,paco1029384756,American Pale Ale (APA),4.5,3.5,Organic Revolution,6.2,39516,American Pale Ale (APA) New Glarus Brewing Company paco1029384756
303,209,Guinness Ltd.,11/1/2002 15:55,4.5,4,4.5,Shiloh,Euro Pale Lager,4.5,4,Harp Lager,5,862,Euro Pale Lager Guinness Ltd. Shiloh
304,5696,The Olde Stone Brewing Company,2/1/2010 7:37,4,4,3.5,slitherySOB,Old Ale,3,4.5,Oatmeal Old Scottish Ale,5.2,55799,Old Ale The Olde Stone Brewing Company slitherySOB
305,160,Wychwood Brewery Company Ltd,9/9/2011 20:46,4,3.5,3.5,wl0307,English Bitter,3.5,3.5,Duchy Originals Organic Golden Ale,4.8,34649,English Bitter Wychwood Brewery Company Ltd wl0307
306,3747,Brasserie Les Trois Brasseurs,4/6/2008 17:32,3.5,3.5,3.5,thierrynantes,Belgian Pale Ale,3.5,3.5,Blonde Des Trois Brasseurs,5.2,24681,Belgian Pale Ale Brasserie Les Trois Brasseurs thierrynantes
307,1471,Dark Horse Brewing Company,12/5/2011 2:49,3.5,4,3,Jips,American Pale Ale (APA),3,3.5,Blueberry Honey Biscuit Monkey,6,72134,American Pale Ale (APA) Dark Horse Brewing Company Jips
308,673,R & B Brewing Co.,6/13/2011 4:26,4.5,4.5,2,Tford,Oatmeal Stout,4.5,4.5,Darkstar Oatmeal Stout,4.6,39421,Oatmeal Stout R & B Brewing Co. Tford
309,11252,Nottingham Brewery,11/21/2005 10:02,3.5,4,4,wl0307,English Bitter,4,4,Extra Pale Ale (EPA),4.2,27018,English Bitter Nottingham Brewery wl0307
310,1656,South Australia Brewing Co.,12/2/2003 11:14,2,2,1.5,diablo14,Czech Pilsener,2.5,1.5,Westend 107 Pilsener,5,14526,Czech Pilsener South Australia Brewing Co. diablo14
311,15324,Five Seasons North,2/11/2008 5:02,4,4,4,northyorksammy,American Double / Imperial Stout,3.5,4,10W-30 Imperial Oatmeal Stout,9.4,40511,American Double / Imperial Stout Five Seasons North northyorksammy
312,306,Coors Brewing Company,9/21/2007 3:43,3,2,2,Floydster,American Adjunct Lager,2,2.5,Keystone Ice,5.9,2947,American Adjunct Lager Coors Brewing Company Floydster
313,402,Old Dominion Brewing Company,9/23/2004 14:07,4,4,4,meathookjones,Baltic Porter,4,4,Winter Brew 2003,5.8,13641,Baltic Porter Old Dominion Brewing Company meathookjones
314,5489,Big Bear Brewing Company,8/1/2008 15:46,4,3.5,4,Brianmerrilyn,English Pale Ale,3.5,4,Coopers Organic Pale Ale,5.3,44078,English Pale Ale Big Bear Brewing Company Brianmerrilyn
315,22564,Odd Side Ales,6/26/2011 18:51,3.5,3.5,4,GbVDave,Berliner Weissbier,4,3.5,Berliner Weiss,2.75,70432,Berliner Weissbier Odd Side Ales GbVDave
316,19808,Lovely Valley Beverage Factory,9/17/2010 6:22,1,1.5,1.5,laituegonflable,Chile Beer,1.5,1,Harrys Hogg Chilli Beer,4.5,61772,Chile Beer Lovely Valley Beverage Factory laituegonflable
317,6225,Weissbräu Kösslarn,1/20/2004 19:40,5,4.5,5,johnfurbock,Hefeweizen,5,4.5,Kösslarn Hefeweisse,4.6,15502,Hefeweizen Weissbräu Kösslarn johnfurbock
318,514,Jopen Bier BV Haarlem,7/23/2011 22:06,4,4,4,rvdoorn,Tripel,4,4.5,Jubeljoop III Tripel,9,59437,Tripel Jopen Bier BV Haarlem rvdoorn
319,22283,Natty Greenes Pub & Brewing Co.,7/18/2010 20:08,3.5,3.5,4,Haybeerman,German Pilsener,4,3,8 Pounder Imperial Pilsener,8.5,60159,German Pilsener Natty Greenes Pub & Brewing Co. Haybeerman
320,4832,Triumph Brewing Company,8/1/2009 1:40,4,4,4,plaid75,Hefeweizen,4,4,Hefe Wiezen,4.75,18888,Hefeweizen Triumph Brewing Company plaid75
321,392,Weyerbacher Brewing Co.,9/13/2010 1:42,2.5,4.5,3,jskoog,Pumpkin Ale,3.5,3.5,Imperial Pumpkin Ale,8,25880,Pumpkin Ale Weyerbacher Brewing Co. jskoog
322,11749,Brasserie Artisanale Du Flo,10/29/2011 15:33,3.5,4.5,3,ManforallSaisons,Belgian Strong Dark Ale,3,4,Cuvée St. Antoine,8,24652,Belgian Strong Dark Ale Brasserie Artisanale Du Flo ManforallSaisons
323,894,the Nils Oscar Company,1/17/2010 13:31,3.5,4,3.5,mfkr,Märzen / Oktoberfest,3,4,Nils Oscar Kalasjulöl,5.2,20963,Märzen / Oktoberfest the Nils Oscar Company mfkr
324,22035,The Big Cheese Pizza Co.,11/21/2011 0:54,3.5,3.5,3.5,mactrail,American Porter,3.5,4,Vanilla Porter,8.4,63277,American Porter The Big Cheese Pizza Co. mactrail
325,2097,Kuhnhenn Brewing Company,2/10/2007 4:57,3,4.5,3.5,montageman,Winter Warmer,3,3,Kuhnhenn Kuhnie Christmas,5.9,34588,Winter Warmer Kuhnhenn Brewing Company montageman
326,13307,Mikkeller ApS,1/4/2012 6:47,5,5,5,lacqueredmouse,American Double / Imperial Stout,5,5,George! Bourbonfadlagret,12.12,65151,American Double / Imperial Stout Mikkeller ApS lacqueredmouse
327,13029,Thornbridge Brewery,12/10/2010 16:08,4.5,3.5,4.5,Harrister101,English Bitter,3.5,3.5,Lord Marples,4,40175,English Bitter Thornbridge Brewery Harrister101
328,870,Moylans Brewery,12/31/2011 22:08,4,4,4,IronCitySteve,American IPA,4,4,Harvest India Pale Ale,6.8,48227,American IPA Moylans Brewery IronCitySteve
329,96,Magic Hat Brewing Company,3/27/2003 16:45,3.5,4.5,3.5,Jason,American Porter,3.5,4,Ravell,4.8,286,American Porter Magic Hat Brewing Company Jason
330,10607,Sixpoint Brewery,9/19/2009 3:14,4.5,3.5,4,capra12,American Pale Wheat Ale,4,4,Apollo (Crystallized Ginger),5,52721,American Pale Wheat Ale Sixpoint Brewery capra12
331,9771,Harringtons Brewery,3/17/2010 7:15,3,3.5,3,CrazyDavros,English Bitter,2,2.5,Razor Back,5,48437,English Bitter Harringtons Brewery CrazyDavros
332,11031,Brouwerij De Molen,3/15/2011 3:07,4,3.5,4,northyorksammy,Bock,4,3.5,Borefts Bok,7.2,26349,Bock Brouwerij De Molen northyorksammy
333,10498,Three Bs Brewery,12/4/2007 22:27,3.5,3.5,4,wl0307,English Porter,4,3.5,Knocker Up,4.8,21031,English Porter Three Bs Brewery wl0307
334,16315,BrewDog,9/23/2011 1:19,4,4,4,Paincane,Baltic Porter,4,4,Alice Porter,6.2,65902,Baltic Porter BrewDog Paincane
335,24798,Small Town Brewery,4/23/2011 0:22,4,4,4,TMoney2591,English Brown Ale,4,4,Honey Nut Brown,6,68318,English Brown Ale Small Town Brewery TMoney2591
336,10272,Innis & Gunn,8/3/2010 1:48,3.5,3,3.5,MMansfield,English Strong Ale,4,3,Canadian Cask - Scottish Oak Aged Beer,7.1,49772,English Strong Ale Innis & Gunn MMansfield
337,554,Bierbrouwerij Sint-Servattumus,10/19/2005 16:01,3,3.5,2.5,paterlodie,Belgian Strong Pale Ale,3,3,Rijnaak( Voor Brouwers Aan De Rijn),8,26491,Belgian Strong Pale Ale Bierbrouwerij Sint-Servattumus paterlodie
338,11036,Foothills Brewing Company,10/14/2010 0:55,4,4,4,JAXSON,Russian Imperial Stout,3.5,4.5,Barrel Aged Sexual Chocolate,9.75,51153,Russian Imperial Stout Foothills Brewing Company JAXSON
339,16504,Nebraska Brewing Company,12/23/2010 21:15,4,3.5,3.5,LilBeerDoctor,Saison / Farmhouse Ale,4,4,Apricot Au Poivre Saison,6.8,58201,Saison / Farmhouse Ale Nebraska Brewing Company LilBeerDoctor
340,7037,Oldershaw Brewery,5/22/2005 23:37,3,3,2.5,TheLongBeachBum,English Bitter,2.5,3,Almas Brew,4.1,23890,English Bitter Oldershaw Brewery TheLongBeachBum
341,10549,Charleville Vineyard Microbrewery,6/17/2009 2:23,4,3.5,3,Tone,Witbier,4,3.5,Half Wit Wheat,4.5,41802,Witbier Charleville Vineyard Microbrewery Tone
342,2600,Fernandes Brewery Tap,5/21/2005 8:11,5,4,4,TheLongBeachBum,English Bitter,4,4,Triple OOO,3.9,23793,English Bitter Fernandes Brewery Tap TheLongBeachBum
343,385,Midnight Sun Brewing Co.,6/19/2008 4:54,4,4,4,SurlyDuff,Belgian Strong Dark Ale,4.5,4,Monks Mistress,11.5,12163,Belgian Strong Dark Ale Midnight Sun Brewing Co. SurlyDuff
344,24464,Burnside Brewing Co.,12/23/2011 22:45,3.5,3.5,3.5,ccrida,Extra Special / Strong Bitter (ESB),3.5,3.5,Burnside Stock Ale,5.8,67904,Extra Special / Strong Bitter (ESB) Burnside Brewing Co. ccrida
345,17278,Crown Brewing,9/14/2010 0:42,2,3.5,4,mrandypandy,American Double / Imperial IPA,4,2,Kill Em Ale,9.5,61845,American Double / Imperial IPA Crown Brewing mrandypandy
346,22150,Stillwater Artisanal Ales,10/13/2011 22:41,3.5,3.5,4,oline73,Saison / Farmhouse Ale,4,3.5,Harvest Saison (G-13),7.5,73958,Saison / Farmhouse Ale Stillwater Artisanal Ales oline73
347,1285,Millys Tavern,12/11/2007 17:08,4.5,4.5,4.5,barleywinebrewer,American Barleywine,4.5,4.5,Millys Tennessee TNT,11,35230,American Barleywine Millys Tavern barleywinebrewer
348,22271,Cathedral Square Brewery,11/30/2011 4:02,1.5,2,2,JustinMatthew,Fruit / Vegetable Beer,1,1.5,Forbidden Fruit Apple Ale,5,72724,Fruit / Vegetable Beer Cathedral Square Brewery JustinMatthew
349,6288,Picobrouwerij Alvinne / Den Bierzolder,6/23/2011 23:32,4,4,3,kojevergas,Belgian Strong Pale Ale,4.5,4,Pipedream,7.8,48404,Belgian Strong Pale Ale Picobrouwerij Alvinne / Den Bierzolder kojevergas
350,5191,Ram Restaurant & Brewery,12/20/2010 1:25,3,3.5,3,BeerFMAndy,American Amber / Red Lager,3,3.5,Frostbite Winter Lager,6,64580,American Amber / Red Lager Ram Restaurant & Brewery BeerFMAndy
351,16078,The Brew Keeper,4/7/2010 3:15,5,4,4,Ricochet,American Amber / Red Ale,4,5,Red Storm,11,57390,American Amber / Red Ale The Brew Keeper Ricochet
352,24605,High Sierra Brewing Co.,3/3/2011 2:37,4,2.5,4,Beerandraiderfan,American Blonde Ale,3.5,3.5,"410"" Jen Blonde Ale",4.8,66831,American Blonde Ale High Sierra Brewing Co. Beerandraiderfan
353,18858,Driftwood Brewery,6/29/2009 15:53,4.5,4,4,DIM,Saison / Farmhouse Ale,4.5,4,Farmhand Ale,5.5,46708,Saison / Farmhouse Ale Driftwood Brewery DIM
354,23295,Søkildegaard,5/7/2011 20:55,4,4,4,Mora2000,Quadrupel (Quad),4,4,Papsø 15K Belgisk Quadrupel,10.6,68800,Quadrupel (Quad) Søkildegaard Mora2000
355,12560,Jarrow Brewing Company,11/21/2005 9:48,3,3.5,3.5,wl0307,English Bitter,3.5,3.5,Palmers Resolution,3.8,27017,English Bitter Jarrow Brewing Company wl0307
356,24815,Harriet Brewing,10/6/2011 2:33,4,3.5,4,birchstick,Saison / Farmhouse Ale,4,4.5,Saison Nourrice,6.7,70653,Saison / Farmhouse Ale Harriet Brewing birchstick
357,1199,Founders Brewing Company,2/2/2011 3:07,4,3,4,BradDurbin89,American Black Ale,3.5,4.5,Founders Black IPA,6.6,47832,American Black Ale Founders Brewing Company BradDurbin89
358,3835,Drakes Brewing Co.,7/13/2011 3:51,5,4.5,4.5,biegaman,American Barleywine,3.5,4.5,Drakes Nyack,12,67177,American Barleywine Drakes Brewing Co. biegaman
359,22072,Revolution Brewing Company - Brewpub,4/18/2011 23:18,4,4,4,MarkFy,American Porter,3,4,Eugene,7,55861,American Porter Revolution Brewing Company - Brewpub MarkFy
360,301,Sociedade Central de Cervejas,9/10/2010 13:34,1,1,2,BeerAdvocate,American Adjunct Lager,1.5,1,Sagres Chopp,4.9,37186,American Adjunct Lager Sociedade Central de Cervejas BeerAdvocate
361,2308,Chicago Brewing Company,5/5/2005 23:43,4.5,4,3.5,BrewMaster,Hefeweizen,3.5,4,Ultimate Weiss,4.6,8338,Hefeweizen Chicago Brewing Company BrewMaster
362,3174,Coopersmiths Pub & Brewing,8/21/2011 3:52,4,4,4,JayS2629,Scottish Ale,4,4,Highland Scottish Ale,5.1,17064,Scottish Ale Coopersmiths Pub & Brewing JayS2629
363,13307,Mikkeller ApS,2/13/2011 0:59,4,4,4,Mora2000,American Double / Imperial Stout,4,4,Viktoria,8.8,60436,American Double / Imperial Stout Mikkeller ApS Mora2000
364,25423,New Boswell Brewing Company,5/4/2011 15:41,4,3.5,4,zrab11,American Brown Ale,3.5,4,Ezras Brown Ale,6,68515,American Brown Ale New Boswell Brewing Company zrab11
365,958,Red Star Brewery & Grill,6/28/2007 1:15,4,3.5,4,Boto,Maibock / Helles Bock,4,4,MAI-Effin Bock,6.8,10306,Maibock / Helles Bock Red Star Brewery & Grill Boto
366,413,Grand Teton Brewing Co.,11/12/2010 22:00,4,4.5,3.5,drabmuh,Doppelbock,3.5,4.5,Double Vision Doppelbock,8,48597,Doppelbock Grand Teton Brewing Co. drabmuh
367,6269,Salmon Creek Brewery & Pub,7/23/2009 21:06,4.5,4,5,Docer,American IPA,4.5,4,Amarillo Dry Hop IPA,6.2,51380,American IPA Salmon Creek Brewery & Pub Docer
368,10902,Närke Kulturbryggeri AB,9/24/2011 6:58,4,3.5,4,Mar02x,Extra Special / Strong Bitter (ESB),4.5,4.5,Örebro Bitter,5.9,22028,Extra Special / Strong Bitter (ESB) Närke Kulturbryggeri AB Mar02x
369,2809,The Walkerville Brewing Company,8/21/2007 20:51,5,4.5,4.5,pcuny69,Light Lager,5,5,Superior Light,4,20225,Light Lager The Walkerville Brewing Company pcuny69
370,16824,The Little Brewing Company,9/5/2011 0:45,3.5,3.5,3.5,heygeebee,Tripel,3,4,Mad Abbot Tripel,9.5,64639,Tripel The Little Brewing Company heygeebee
371,4980,Engine House No.9,8/21/2010 1:03,4,4,3.5,barleywinefiend,American Stout,4,4,15th Anniversary Bourbon Barrel Aged Chocolate Stout,8.8,61220,American Stout Engine House No.9 barleywinefiend
372,12098,Skye Book And Brew,9/15/2007 4:15,3.5,3,3,RedDiamond,American Pale Wheat Ale,3,3,Tucannon Honey Wheat,5.8,38664,American Pale Wheat Ale Skye Book And Brew RedDiamond
373,3353,Rockyard Brewing,1/21/2007 5:00,4.5,4.5,3.5,russpowell,Extra Special / Strong Bitter (ESB),4,4,Castlewood ESB,5.3,34853,Extra Special / Strong Bitter (ESB) Rockyard Brewing russpowell
374,9,Whitbread PLC,7/15/2009 21:21,2.5,4,3,fullsweep,English Barleywine,3.5,3.5,Whitbread Gold Label,10,12652,English Barleywine Whitbread PLC fullsweep
375,3778,Browar Van Pur S.A. (Brau Union Polska),5/12/2010 16:52,2,2.5,3,BucBasil,Euro Pale Lager,2.5,1.5,Hermann Muller Premium Lager,4,58287,Euro Pale Lager Browar Van Pur S.A. (Brau Union Polska) BucBasil
376,13307,Mikkeller ApS,6/24/2011 0:43,3.5,3,4,gford217,American IPA,3.5,3.5,Bravo Single Hop IPA,6.8,65814,American IPA Mikkeller ApS gford217
377,19455,Donnington Brewery,2/28/2009 19:05,2.5,2,2.5,wl0307,English Bitter,3,2.5,BB (Traditional Cotswold Bitter),3.6,48191,English Bitter Donnington Brewery wl0307
378,10097,Harpoon Brewery,10/21/2006 3:40,4.5,4.5,3,SteveO1231,Oatmeal Stout,4,4,Harpoon Oatmeal Stout (100 Barrel Series #01),5.05,10002,Oatmeal Stout Harpoon Brewery SteveO1231
379,1808,Compass Creek Restaurant & Brewery,3/28/2003 6:33,3.5,3.5,4,AtLagerHeads,American Pale Ale (APA),3.5,4,Amber 66,6,9188,American Pale Ale (APA) Compass Creek Restaurant & Brewery AtLagerHeads
380,1628,Southampton Publick House,11/27/2008 16:33,4,3,3,corby112,Bière de Garde,4,3.5,Southampton Biere De Mars,6.5,16786,Bière de Garde Southampton Publick House corby112
381,5708,Ankerbräu Nördlingen,11/30/2011 2:23,4,3.5,4,BretSikkink,Munich Dunkel Lager,3.5,3.5,Dunkel Export,5.2,75603,Munich Dunkel Lager Ankerbräu Nördlingen BretSikkink
382,21964,Boatrocker Brewing Company,7/16/2011 2:55,4,3.5,3,vancurly,American Pale Ale (APA),4,3.5,Alpha Queen Pale Ale,5,55789,American Pale Ale (APA) Boatrocker Brewing Company vancurly
383,13307,Mikkeller ApS,6/7/2010 22:09,2.5,3,3,mikey711,American IPA,4,2.5,10,6.9,58493,American IPA Mikkeller ApS mikey711
384,1546,"Hong Kong S.A.R. Brewing Company Ltd., The",10/17/2007 4:21,2,3,2.5,hoegaardenhero,Euro Pale Lager,2,2.5,Honk Kong Beer,4.5,36117,"Euro Pale Lager Hong Kong S.A.R. Brewing Company Ltd., The hoegaardenhero"
385,2504,New Albanian Brewing Company - Pizzeria and Public House,8/17/2003 4:07,3.5,3.5,4,Jon,Belgian Strong Dark Ale,3.5,4,St. Alfonzo,10,12108,Belgian Strong Dark Ale New Albanian Brewing Company - Pizzeria and Public House Jon
386,2554,Matsos Broome Brewery,8/14/2011 11:02,2,2,2,heygeebee,Fruit / Vegetable Beer,3.5,2,Mango Beer,4.5,51721,Fruit / Vegetable Beer Matsos Broome Brewery heygeebee
387,2248,La Barberie,5/12/2003 19:05,3,3,3.5,schoolteacher,American Blonde Ale,4,4,Blonde Biologique,4.5,9854,American Blonde Ale La Barberie schoolteacher
388,10588,Hoppers Grill & Brewing Co.,10/21/2008 5:38,3.5,2.5,4.5,mentor,Czech Pilsener,3.5,3.5,This Is The Pilsener,4,45504,Czech Pilsener Hoppers Grill & Brewing Co. mentor
389,21448,Ladyface Ale Companie,4/18/2010 23:30,5,4.5,3.5,BevMo88,Tripel,3.5,4.5,Oak Aged Trois Filles Tripel,8.3,57535,Tripel Ladyface Ale Companie BevMo88
390,136,Utah Brewers Cooperative,5/16/2006 6:05,4,3.5,4,mmmmBEEEER,American Porter,3.5,4,Paysons Porter,4,12977,American Porter Utah Brewers Cooperative mmmmBEEEER
391,1154,Willoughby Brewing,12/31/2007 13:07,4,4,4,cooncat,Tripel,4,4,Willoughby Abbey Road Trippel Bock,10,12004,Tripel Willoughby Brewing cooncat
392,1534,Brouwerij Het Anker,8/5/2009 11:42,3,3.5,4,mrmanning,Lambic - Fruit,3,3.5,Boscoulis,6.5,21219,Lambic - Fruit Brouwerij Het Anker mrmanning
393,17241,Toscana Tipica  Birra  Del Linchetto,6/16/2008 23:23,3.5,3.5,3.5,canucklehead,Euro Pale Lager,3.5,3.5,Birra Del Linchetto  Lager,5,43256,Euro Pale Lager Toscana Tipica  Birra  Del Linchetto canucklehead
394,16389,Destihl Restaurant & Brew Works,9/8/2009 22:58,3.5,4.5,4,emerge077,American Wild Ale,3.5,3.5,St. Dekkera Reserve: Belgian Double Pale Ale,8,52267,American Wild Ale Destihl Restaurant & Brew Works emerge077
395,910,Thirsty Bear Brewing Company,1/14/2011 16:42,3.5,3.5,4,kwjd,Extra Special / Strong Bitter (ESB),3.5,3,Meyer ESB,6.3,3135,Extra Special / Strong Bitter (ESB) Thirsty Bear Brewing Company kwjd
396,646,Carlow Brewing Company,9/20/2010 19:52,4,4,4,BeerAdvocate,Irish Dry Stout,4,4,OHaras Celebration Stout,6,41100,Irish Dry Stout Carlow Brewing Company BeerAdvocate
397,1453,Siletz Brewing And Public House,3/25/2004 4:00,2.5,3,3.5,Bighuge,Scottish Gruit / Ancient Herbed Ale,3,2.5,Spruce Ale,6.5,4721,Scottish Gruit / Ancient Herbed Ale Siletz Brewing And Public House Bighuge
398,734,Pivovar Herold B&#345;eznice A.s.,12/20/2006 6:53,5,4,4,mynie,Dortmunder / Export Lager,4,4.5,Herold Bohemian Bronze Lager 14P,5.8,25988,Dortmunder / Export Lager Pivovar Herold B&#345;eznice A.s. mynie
399,7322,Brauerei Gotha GmbH,4/25/2011 17:27,4,3.5,3.5,Brabander,Euro Pale Lager,3.5,3.5,Thüringer,4.3,33145,Euro Pale Lager Brauerei Gotha GmbH Brabander
400,1342,Harvest Moon Brewery & Cafe,7/10/2007 21:30,4,4,4,RutgersBeerGuy,English Barleywine,4,4.5,Moonshine Barleywine,10.01,34293,English Barleywine Harvest Moon Brewery & Cafe RutgersBeerGuy
401,16843,Hangar 24 Brewery,12/6/2011 4:24,3.5,3.5,4.5,DoubleJ,Altbier,4,3.5,Alt-Bier With Augies Coffee And Maple Syrup,6,75965,Altbier Hangar 24 Brewery DoubleJ
402,3521,De Proefbrouwerij (bvba Andelot),5/1/2011 2:41,4.5,4,4.5,YouSkeete,Belgian Strong Dark Ale,4.5,4.5,Andelot Cuvee Mystique,8.5,24966,Belgian Strong Dark Ale De Proefbrouwerij (bvba Andelot) YouSkeete
403,1754,Stewarts Brewing Co.,4/6/2010 23:35,3.5,4,4.5,Imstillthegman,American Barleywine,4,4.5,Stewarts Bourbon Aged Barleywine,11.5,33149,American Barleywine Stewarts Brewing Co. Imstillthegman
404,11207,Maui Brewing Co. (Brewpub),12/17/2005 20:03,4,3.5,4,atigerlife,Witbier,3.5,4,Begian Wheat,4,27383,Witbier Maui Brewing Co. (Brewpub) atigerlife
405,2891,Karlsberg Brauerei,5/17/2011 21:09,2,2,2.5,stcules,Dortmunder / Export Lager,1.5,2,Karlsberg Export,5.4,46932,Dortmunder / Export Lager Karlsberg Brauerei stcules
406,918,Hops Grillhouse & Brewery,6/17/2004 5:11,1,1,1,TastyTaste,American Pale Ale (APA),1,1,Love Handles Low Carb Ale,5,18006,American Pale Ale (APA) Hops Grillhouse & Brewery TastyTaste
407,3694,Unertl Weissbier GmbH,10/6/2010 14:14,4,4,4.5,Gueuzedude,Weizenbock,4,4.5,Unertl Weissbier Bock,6.7,9162,Weizenbock Unertl Weissbier GmbH Gueuzedude
408,2391,Cascade Brewing / Raccoon Lodge & Brewpub,5/8/2011 16:37,4.5,4.5,4,psiweaver,American Wild Ale,4,4.5,Sweetartz,8,68821,American Wild Ale Cascade Brewing / Raccoon Lodge & Brewpub psiweaver
409,355,San Miguel Corporation,8/16/2011 20:59,3,3,3,corcoranjc,Euro Dark Lager,3.5,3.5,San Miguel Cerveza Negra,5,3137,Euro Dark Lager San Miguel Corporation corcoranjc
410,23205,Grassroots Brewing,10/3/2011 3:42,3,3,1.5,kojevergas,American Double / Imperial IPA,3.5,4,Papsøs Puppy Love Sorachi Ace IIPA,10.2,68653,American Double / Imperial IPA Grassroots Brewing kojevergas
411,1177,Minneapolis Town Hall Brewery,2/8/2008 19:59,4,4.5,4,DarkerTheBetter,Belgian Dark Ale,4,4.5,Festivus 2007,5.6,40139,Belgian Dark Ale Minneapolis Town Hall Brewery DarkerTheBetter
412,45,Brooklyn Brewery,4/29/2011 17:08,3.5,3.5,3.5,Rifugium,Old Ale,3.5,3.5,Brooklyn Blunderbuss Old Ale,8.2,47379,Old Ale Brooklyn Brewery Rifugium
413,1000,Brewers Alley Restaurant & Brewery,3/18/2009 22:21,3.5,3.5,4,2KHokie,American Porter,4,3.5,Brewers Alley Smoked Porter,5.8,5237,American Porter Brewers Alley Restaurant & Brewery 2KHokie
414,3956,Brewsters Brewing Company & Restaurant - Oliver Square,4/14/2011 2:24,4,3.5,4,biboergosum,Doppelbock,4.5,4,Terminator Doppelbock,7.2,68089,Doppelbock Brewsters Brewing Company & Restaurant - Oliver Square biboergosum
415,11186,"Grainstore Brewery, The [Davises Brewing Co Ltd]",12/15/2005 21:33,4,3.5,3.5,anders36,English Stout,4,4,Grainstore Rutland Beast,5.3,27361,"English Stout Grainstore Brewery, The [Davises Brewing Co Ltd] anders36"
416,3465,Brouwerij De Ryck,12/17/2011 21:21,4,4,4.5,stephens101,Tripel,4,4.5,Arend Tripel,8,46541,Tripel Brouwerij De Ryck stephens101
417,19812,Tailgate Beer,1/11/2012 3:28,3.5,3,3.5,indiapaleale,American Blonde Ale,3,3,Blacktop Blonde,5,67410,American Blonde Ale Tailgate Beer indiapaleale
418,10279,OPA-OPA Steakhouse & Brewery,11/21/2011 22:28,4.5,4,4.5,ppoitras,American Barleywine,4.5,4.5,R2K (Bourbon Barrel-aged Barleywine),8.5,75595,American Barleywine OPA-OPA Steakhouse & Brewery ppoitras
419,14064,Kern River Brewing Company,11/6/2011 1:24,5,5,5,soughtbygod,American Double / Imperial Stout,5,5,Bourbon Barrel Aged Stout,10,47769,American Double / Imperial Stout Kern River Brewing Company soughtbygod
420,3521,De Proefbrouwerij (bvba Andelot),8/20/2011 22:05,4,4.5,4,stakem,Belgian Strong Pale Ale,4,4,Kempisch Vuur,7.5,25760,Belgian Strong Pale Ale De Proefbrouwerij (bvba Andelot) stakem
421,2681,Oskar Blues Grill & Brew,12/9/2008 15:33,4,4,4,Douglas14,American Double / Imperial IPA,4,4,GKnight Imperial Red Ale,8.7,8919,American Double / Imperial IPA Oskar Blues Grill & Brew Douglas14
422,5316,Full Sail Brewery & Tasting Room & Pub,8/15/2003 0:59,4,3.5,4,beerguy101,American Amber / Red Ale,4,3.5,Full Sail Switchback Ale,5,8854,American Amber / Red Ale Full Sail Brewery & Tasting Room & Pub beerguy101
423,220,Lagunitas Brewing Company,3/20/2011 19:23,4.5,4,3.5,Lothore,American Double / Imperial IPA,4.5,4.5,SF Fusion,9.3,66310,American Double / Imperial IPA Lagunitas Brewing Company Lothore
424,26,Three Floyds Brewing Co. & Brewpub,6/9/2009 21:01,4.5,4,4,rhoadsrage,Dortmunder / Export Lager,4,4,Dortmunder Einfall,5,49492,Dortmunder / Export Lager Three Floyds Brewing Co. & Brewpub rhoadsrage
425,9704,Emmetts Brewing Company,6/2/2006 3:35,4.5,4.5,4,rhoadsrage,American Amber / Red Ale,4,4,Imperial Amber,9.5,30847,American Amber / Red Ale Emmetts Brewing Company rhoadsrage
426,309,Brasserie Duyck,1/27/2010 20:42,4,3.5,4,deanhead,Bière de Garde,3.5,4,Jenlain Blonde,7.5,6919,Bière de Garde Brasserie Duyck deanhead
427,337,Saint Arnold Brewing Company,6/12/2011 8:52,3.5,3,3,Francepants06,Kölsch,3,3,Saint Arnold Fancy Lawnmower,4.9,1344,Kölsch Saint Arnold Brewing Company Francepants06
428,7337,Outback Brewery Pty Ltd,5/26/2009 0:26,3.5,3,3.5,laituegonflable,English Bitter,2.5,2.5,Outback Country Bitter,4.8,32405,English Bitter Outback Brewery Pty Ltd laituegonflable
429,16847,2 Brothers Brewery,5/12/2010 13:02,4,3,4,maddux91,Belgian Pale Ale,4,3.5,Rusty Pale Ale,4.7,44995,Belgian Pale Ale 2 Brothers Brewery maddux91
430,132,Rogue Ales,9/26/2005 4:06,4,4.5,4,ReebShorts,Oatmeal Stout,4.5,4.5,Shakespeare Oatmeal Stout,6.1,56973,Oatmeal Stout Rogue Ales ReebShorts
431,22072,Revolution Brewing Company - Brewpub,10/10/2011 20:16,3,3,3.5,FreshHawk,American Amber / Red Ale,3.5,3,Hop Princess,5.2,73365,American Amber / Red Ale Revolution Brewing Company - Brewpub FreshHawk
432,10397,Sly Fox Brewing Company,10/19/2006 15:29,4,3.5,3.5,dherling,Munich Dunkel Lager,3.5,3.5,Kulmbacher Dark Lager,5.3,29732,Munich Dunkel Lager Sly Fox Brewing Company dherling
433,13423,Roosters Brewing Company and Restaurant,3/18/2006 1:09,4,4,4,Wasatch,Irish Dry Stout,4,4,Cyclops Irish Stout,4,29073,Irish Dry Stout Roosters Brewing Company and Restaurant Wasatch
434,19691,Roppelt-Bräu Trossenfurt,4/6/2009 4:45,4,4,4.5,tai4ji2x,Munich Dunkel Lager,4,3.5,Roppelt-Bräu Dunkel,5.1,48987,Munich Dunkel Lager Roppelt-Bräu Trossenfurt tai4ji2x
435,2079,Sweetwater Tavern & Brewery,12/20/2007 7:21,3,2.5,3,mentor,Scottish Ale,3.5,3,High Road Scottish Ale,4.7,37320,Scottish Ale Sweetwater Tavern & Brewery mentor
436,27037,Triton Brewing Company,1/10/2012 18:15,3,4,4,JamesS,American Brown Ale,3,4,Gingerbread Brown,4.7,76183,American Brown Ale Triton Brewing Company JamesS
437,68,Flying Dog Brewery,11/24/2002 1:51,3,3,3,ipogios,Hefeweizen,3,3,In-Heat Wheat,4.7,2249,Hefeweizen Flying Dog Brewery ipogios
438,21505,Hofbrauhaus Wolters GmbH,9/22/2011 20:06,3.5,3,3.5,Brabander,Schwarzbier,3.5,3,Schwarzer Herzog,5,56022,Schwarzbier Hofbrauhaus Wolters GmbH Brabander
439,3777,Augusta Brewing Company,7/23/2011 12:48,3.5,3.5,4,soju6,Tripel,3.5,3.5,Augusta  Tripel,9,46047,Tripel Augusta Brewing Company soju6
440,677,Chili Beer Co.,9/30/2005 21:50,3.5,3.5,4,palliko,American Porter,3,3,Black Mountain South Of The Border Porter,4.2,13461,American Porter Chili Beer Co. palliko
441,1108,"Inveralmond Brewery Ltd., The",1/6/2012 15:15,3.5,3,4,eric5bellies,Scottish Ale,4,3.5,Lia Fail,4.7,3264,"Scottish Ale Inveralmond Brewery Ltd., The eric5bellies"
442,3448,Hoppy Brewing Co.,7/16/2010 21:25,3,2.5,2.5,ronniebruner,American Amber / Red Ale,3,3,Red Dragon Smoked Amber Ale,5.5,14901,American Amber / Red Ale Hoppy Brewing Co. ronniebruner
443,1199,Founders Brewing Company,3/7/2011 14:45,4.5,3.5,4,GregoryVII,American Amber / Red Ale,2.5,4,Founders Crimson Dynamo,4.7,66976,American Amber / Red Ale Founders Brewing Company GregoryVII
444,26528,Helltown Brewing,1/10/2012 4:00,3.5,4,3,thecheapies,American IPA,3,3.5,Helltown Insidious IPA,6,71770,American IPA Helltown Brewing thecheapies
445,5141,Brauerei Ustersbach,7/5/2005 20:06,4,3.5,3.5,stcules,Hefeweizen,3,3,Ustersbacher Hefeweizen,5.5,12427,Hefeweizen Brauerei Ustersbach stcules
446,1199,Founders Brewing Company,8/8/2004 20:37,3.5,3.5,3,ken3c,American Pale Wheat Ale,3,3.5,Founders Weizenbier,5.6,12186,American Pale Wheat Ale Founders Brewing Company ken3c
447,13624,Rosa,4/17/2006 17:54,3.5,4,3.5,Globetrotter,Euro Pale Lager,3,3.5,Bamberg Originalnoye,4.2,29994,Euro Pale Lager Rosa Globetrotter
448,18006,Half Acre Beer Company,4/30/2010 1:43,3,2.5,2.5,paco1029384756,Maibock / Helles Bock,2,2,The Invasion,6.5,57648,Maibock / Helles Bock Half Acre Beer Company paco1029384756
449,18563,Lift Bridge Brewery,3/28/2010 19:42,4,4,3.5,blackearth,American Pale Ale (APA),3.5,4,Crosscut Pale Ale,5.5,46564,American Pale Ale (APA) Lift Bridge Brewery blackearth
450,21421,Pacific Kingdom Trading,6/12/2010 2:04,4,3.5,3.5,Halcyondays,Witbier,4,3.5,Nakhon Lemongrass White,5.8,53843,Witbier Pacific Kingdom Trading Halcyondays
451,13338,The Covey Restaurant & Brewery,8/12/2010 4:06,4,4,4,Mora2000,English Bitter,4,4,Limey Bastard,4.5,60962,English Bitter The Covey Restaurant & Brewery Mora2000
452,754,Erie Brewing Co.,2/13/2008 3:38,3.5,4,4.5,CrazyMacHarris99,Scotch Ale / Wee Heavy,4,3.5,Ol Red Cease And Desist,10.1,39695,Scotch Ale / Wee Heavy Erie Brewing Co. CrazyMacHarris99
453,10902,Närke Kulturbryggeri AB,1/4/2010 13:53,4,4,4.5,dqrull,American Porter,4,4,Mörker,4.9,25944,American Porter Närke Kulturbryggeri AB dqrull
454,159,Burton Bridge Brewery,11/18/2004 7:32,4,4,4,francisweizen,English Bitter,4,4,Devils Advocate Bitter,4.5,20800,English Bitter Burton Bridge Brewery francisweizen
455,1666,Selins Grove Brewing Company,9/6/2011 16:19,4,3.5,4,BeerCon5,Scottish Ale,4,4,90 Schilling Scotch Ale,7.5,54930,Scottish Ale Selins Grove Brewing Company BeerCon5
456,18385,Brasserie Des Garrigues,9/14/2011 14:05,4,3.5,4.5,BMoldy,Belgian IPA,4,3.5,La Frappiste Grand Cru 2011,7.5,68141,Belgian IPA Brasserie Des Garrigues BMoldy
457,491,Coopers Brewery Limited,7/12/2005 14:09,4,1.5,2.5,Weizenmensch,Euro Pale Lager,2.5,2,Coopers DB,4.4,24723,Euro Pale Lager Coopers Brewery Limited Weizenmensch
458,185,Aass Brewery,1/10/2012 22:56,3,3,4,Radome,American Blonde Ale,3,3,Aass Gourmet Pale Ale,4.7,77313,American Blonde Ale Aass Brewery Radome
459,1725,Hilltop Brewing Company,10/16/2004 17:39,2.5,3,2.5,TAMU99,Kölsch,3,2,Frog Grog Ale,3.1,13379,Kölsch Hilltop Brewing Company TAMU99
460,391,Big Rock Brewery,12/7/2011 2:53,3,2.5,3,timtwoface,American Adjunct Lager,2.5,3,Alberta Genuine Draft,5,2052,American Adjunct Lager Big Rock Brewery timtwoface
461,394,Stoudts Brewing Co.,7/28/2010 17:50,4,4,4,woodychandler,Munich Dunkel Lager,3.5,4.5,Brewers Reserve Munich Dark Lager,4.8,47422,Munich Dunkel Lager Stoudts Brewing Co. woodychandler
462,395,Bluegrass Brewing Co. - East St. Matthews,1/27/2008 18:21,4,4,4.5,Gaverny19,American Double / Imperial IPA,4,4,Sheltowee Hop-A-Lot IPA,8,40028,American Double / Imperial IPA Bluegrass Brewing Co. - East St. Matthews Gaverny19
463,9298,Brasserie De La Cote De Jade,11/10/2008 15:40,3,3,3,thierrynantes,American Amber / Red Ale,3,3,Brigantine Ambree,5,16886,American Amber / Red Ale Brasserie De La Cote De Jade thierrynantes
464,2431,Privatbrauerei Eichbaum GmbH & Co. KG,7/15/2011 20:32,3.5,3.5,2.5,MTNboy,Dortmunder / Export Lager,4,3,Eichbaum Export Altgold Premium,5.5,23764,Dortmunder / Export Lager Privatbrauerei Eichbaum GmbH & Co. KG MTNboy
465,24300,Evil Twin Brewing,1/6/2012 1:54,3.5,3.5,4,antique,Russian Imperial Stout,3.5,3,Evil Twin Ashtray Heart,8.9,71483,Russian Imperial Stout Evil Twin Brewing antique
466,9020,Yazoo Brewing Company,10/5/2010 4:59,2.5,2,4,ArrogantB,American Porter,4,3.5,Sue,9,51483,American Porter Yazoo Brewing Company ArrogantB
467,694,Tröegs Brewing Company,1/5/2012 0:01,4.5,5,4,RonfromJersey,American Pale Ale (APA),4,4,Scratch Beer 56 - 2011 (Single Hop Simcoe),6.4,76775,American Pale Ale (APA) Tröegs Brewing Company RonfromJersey
468,885,Summit Station Restaurant & Brewery,2/19/2006 5:59,3,3,3,Dithyramb,Cream Ale,3,3,Cream Ale,4.8,19143,Cream Ale Summit Station Restaurant & Brewery Dithyramb
469,4375,Bushwakker Brewing Company,8/26/2005 17:16,3.5,4,4,fisherman34,American Pale Wheat Ale,3.5,4,Honey Thistle Wit,4.8,17986,American Pale Wheat Ale Bushwakker Brewing Company fisherman34
470,1103,Nimbus Brewing Company,7/11/2005 3:03,3,4,4,Gueuzedude,English Bitter,4,3.5,Nimbus Bavarian ESB,5,24691,English Bitter Nimbus Brewing Company Gueuzedude
471,11023,Better Bitters Brewing Co.,8/29/2011 13:10,3.5,3.5,3.5,spinrsx,American IPA,3,3.5,Nickel Brook Headstock IPA,7,71708,American IPA Better Bitters Brewing Co. spinrsx
472,16842,Marshall Wharf Brewing Company / Three Tides Restaurant,11/11/2011 2:42,4,4,4,GarthDanielson,Irish Dry Stout,3.5,4.5,Sea Level Stout,5.7,64955,Irish Dry Stout Marshall Wharf Brewing Company / Three Tides Restaurant GarthDanielson
473,17980,Lawsons Finest Liquids,11/2/2011 21:11,4.5,4.5,4,kingcrowing,American Strong Ale,4,4.5,Cask Blend (Barrel Aged Barleywine & Sugarhouse IPA),8.5,74803,American Strong Ale Lawsons Finest Liquids kingcrowing
474,12849,Warcop Brewery,12/21/2005 16:13,2.5,3,3.5,wl0307,English Bitter,2,3,Steelers,4.2,27442,English Bitter Warcop Brewery wl0307
475,6513,Schorschbräu,7/6/2011 17:42,4,4,3.5,Sunnanek,Eisbock,4,4,Schorschbräu Schorschbock 43%,43,57856,Eisbock Schorschbräu Sunnanek
476,3055,English Ales Brewery,6/5/2011 5:18,3.5,3,2.5,Offa,Kristalweizen,3.5,4,Monterey Bay Wheat,4.5,57439,Kristalweizen English Ales Brewery Offa
477,11056,Les Trois Mousquetaires,9/22/2008 15:52,3.5,3,3.5,Phyl21ca,Light Lager,3,3,Légère,4,44521,Light Lager Les Trois Mousquetaires Phyl21ca
478,2924,Cervecería De Barranquilla,5/6/2011 2:08,3,2,4,WoodBrew,Light Lager,4,3,Águila Light,4,10020,Light Lager Cervecería De Barranquilla WoodBrew
479,1084,Mythos Breweries S.A.,1/8/2012 10:26,3,2.5,2,matjack85,Euro Pale Lager,4,3,Aris Greek Lager,5,6074,Euro Pale Lager Mythos Breweries S.A. matjack85
480,423,Boulevard Brewing Co.,12/30/2011 20:45,4,3.5,4,scratch69,Wheatwine,4,4,Harvest Dance,9.1,53764,Wheatwine Boulevard Brewing Co. scratch69
481,2097,Kuhnhenn Brewing Company,10/6/2011 20:39,4,4,4,readbaron,American Wild Ale,4,4,Kuhnhenn Play In The Hay,8.5,55372,American Wild Ale Kuhnhenn Brewing Company readbaron
482,357,New England Brewing Co.,8/4/2010 1:42,4,4,4.5,indiapaleale,Belgian Strong Pale Ale,4.5,4.5,668 The Neighbor Of The Beast,9,58731,Belgian Strong Pale Ale New England Brewing Co. indiapaleale
483,14,Cambridge Brewing Company,3/2/2007 20:47,4.5,4.5,4,ClarkVV,American Wild Ale,4.5,5,Pisser Mauvais,7,33505,American Wild Ale Cambridge Brewing Company ClarkVV
484,15711,HaandBryggeriet,8/16/2011 7:34,4.5,4,4.5,dgilks,American IPA,4,4.5,Fyr & Flamme,6.2,62092,American IPA HaandBryggeriet dgilks
485,18168,Peekskill Brewery,1/9/2012 0:51,3.5,3,3.5,BigPlay1824,California Common / Steam Beer,4,4,Hop Common,5.7,50087,California Common / Steam Beer Peekskill Brewery BigPlay1824
486,2980,Alameda Brewhouse,7/29/2008 0:29,4,4.5,4,RedDiamond,Belgian Strong Pale Ale,4,4.5,Belgian Golden Strong Ale,7.4,44013,Belgian Strong Pale Ale Alameda Brewhouse RedDiamond
487,365,Pike Pub & Brewery,10/15/2011 21:34,4,3.5,3,kingcrowing,Dubbel,4,3.5,Pike Tandem,7,53495,Dubbel Pike Pub & Brewery kingcrowing
488,5989,Brauerei Zur Sonne,9/11/2010 22:14,4,3.5,4.5,UncleJimbo,Munich Dunkel Lager,4,3.5,Sonne Zunft-Trunk Dunkel,5.3,61784,Munich Dunkel Lager Brauerei Zur Sonne UncleJimbo
489,2042,Santa Barbara Brewing Company,12/27/2004 6:32,4,3,4,Rumrunner,Russian Imperial Stout,4.5,4.5,Black Ice Imperial Stout,9,21295,Russian Imperial Stout Santa Barbara Brewing Company Rumrunner
490,1142,LAmère à Boire,7/4/2011 0:28,4,3.5,4,DrJay,Baltic Porter,3.5,4,Kozak,7.5,14760,Baltic Porter LAmère à Boire DrJay
491,5316,Full Sail Brewery & Tasting Room & Pub,1/6/2012 2:01,3.5,3.5,3.5,Pegasus,American Amber / Red Lager,3.5,3.5,Session Fest,6.2,73629,American Amber / Red Lager Full Sail Brewery & Tasting Room & Pub Pegasus
492,12319,Mildura Theatre Brewery Pty Ltd,11/17/2007 9:56,3.5,4,3.5,brendan13,English Porter,3.5,4,Night Porter,4.5,39646,English Porter Mildura Theatre Brewery Pty Ltd brendan13
493,2980,Alameda Brewhouse,8/21/2010 18:09,4,4,4,jdense,American Black Ale,4.5,4,Cascadian Coal CDA,5.5,61242,American Black Ale Alameda Brewhouse jdense
494,24836,Tequesta Brewing Company,12/4/2011 0:03,3.5,3,4,GallowsThief,Belgian Pale Ale,4,3,Carina,5.5,75961,Belgian Pale Ale Tequesta Brewing Company GallowsThief
495,4920,Pivovariya Ivana Taranova,10/10/2005 22:13,4.5,3.5,3.5,BeerBeing,Munich Dunkel Lager,3.5,3.5,Königsberg Dark,5,11418,Munich Dunkel Lager Pivovariya Ivana Taranova BeerBeing
496,8264,Nørrebro Bryghus,3/7/2006 2:09,4,4,3.5,banker,Schwarzbier,3.5,4,Graupner Schwarz,4.9,23100,Schwarzbier Nørrebro Bryghus banker
497,83,Brouwerij van Hoegaarden,2/7/2007 21:36,4.5,4.5,3.5,Hammarby,Belgian Strong Pale Ale,4,4.5,Hoegaarden Grand Cru,8.7,1704,Belgian Strong Pale Ale Brouwerij van Hoegaarden Hammarby
498,17077,"Joyful Honda Co., Ltd.",5/7/2011 13:21,3.5,3.5,4,moshiric,American Double / Imperial IPA,3.5,4,Preston Babakan IIPA,8.7,50823,"American Double / Imperial IPA Joyful Honda Co., Ltd. moshiric"
499,1144,Le Cheval Blanc,6/24/2011 17:33,3.5,3.5,3.5,Phyl21ca,Saison / Farmhouse Ale,4,4,Saison Framboise,6,70352,Saison / Farmhouse Ale Le Cheval Blanc Phyl21ca
500,761,CBs Brewing Company,7/8/2006 2:43,4,4,4,NeroFiddled,English Pale Ale,4,4,CBs English Pale Ale,5.1,3612,English Pale Ale CBs Brewing Company NeroFiddled
